telemetry_day,config_slug,metrics,fusion_mode,service_agg,candidate_mode,candidate_top_k,candidate_percentile,candidate_zscore_threshold,candidate_min,search_profile,optimization_target,aggregation_seconds,fault_window_minutes,normal_window_offset_minutes,normal_window_duration_minutes,fault_window_source,pc_alpha,exp_id,ground_truth_service,frontend_service,candidate_count,runtime_seconds,predicted_service_top1,predicted_service_top3,predicted_service_top5,service_top1_hit,service_top3_hit,service_top5_hit,beta,rho,walk_steps
2026_03_12,metrics-latency_p95__fusion-single_metric__cand-pct-80-min-5__agg-mean__pc-0.1,latency_p95,single_metric,mean,percentile,,80.0,,5,paper,top1,5,10,2,10,inject_window,0.1,pod_cpu_hog_carts-db_001,carts-db,front-end,5,0.8740522680163849,user,"['user', 'catalogue-db', 'carts']","['user', 'catalogue-db', 'carts', 'session-db', 'front-end']",False,False,False,0.5,0.5,20000
2026_03_12,metrics-latency_p95__fusion-single_metric__cand-pct-80-min-5__agg-mean__pc-0.1,latency_p95,single_metric,mean,percentile,,80.0,,5,paper,top1,5,10,2,10,inject_window,0.1,pod_cpu_hog_carts_001,carts,front-end,5,1.4183461249922402,front-end,"['front-end', 'user', 'catalogue-db']","['front-end', 'user', 'catalogue-db', 'session-db', 'shipping']",False,False,False,0.5,0.5,20000
2026_03_12,metrics-latency_p95__fusion-single_metric__cand-pct-80-min-5__agg-mean__pc-0.1,latency_p95,single_metric,mean,percentile,,80.0,,5,paper,top1,5,10,2,10,inject_window,0.1,pod_cpu_hog_catalogue-db_001,catalogue-db,front-end,5,0.8903986250224989,user-db,"['user-db', 'session-db', 'queue-master']","['user-db', 'session-db', 'queue-master', 'front-end', 'rabbitmq']",False,False,False,0.5,0.5,20000
2026_03_12,metrics-latency_p95__fusion-single_metric__cand-pct-80-min-5__agg-mean__pc-0.1,latency_p95,single_metric,mean,percentile,,80.0,,5,paper,top1,5,10,2,10,inject_window,0.1,pod_cpu_hog_catalogue_001,catalogue,front-end,5,1.127848523989087,catalogue,"['catalogue', 'catalogue-db', 'shipping']","['catalogue', 'catalogue-db', 'shipping', 'front-end', 'rabbitmq']",True,True,True,0.5,0.5,20000
2026_03_12,metrics-latency_p95__fusion-single_metric__cand-pct-80-min-5__agg-mean__pc-0.1,latency_p95,single_metric,mean,percentile,,80.0,,5,paper,top1,5,10,2,10,inject_window,0.1,pod_cpu_hog_front-end_001,front-end,front-end,4,0.7382971860060934,front-end,"['front-end', 'queue-master', 'user-db']","['front-end', 'queue-master', 'user-db', 'carts-db']",True,True,True,0.5,0.5,20000
2026_03_12,metrics-latency_p95__fusion-single_metric__cand-pct-80-min-5__agg-mean__pc-0.1,latency_p95,single_metric,mean,percentile,,80.0,,5,paper,top1,5,10,2,10,inject_window,0.1,pod_cpu_hog_orders-db_001,orders-db,front-end,5,0.8879759669944178,carts,"['carts', 'user', 'shipping']","['carts', 'user', 'shipping', 'front-end', 'catalogue-db']",False,False,False,0.5,0.5,20000
2026_03_12,metrics-latency_p95__fusion-single_metric__cand-pct-80-min-5__agg-mean__pc-0.1,latency_p95,single_metric,mean,percentile,,80.0,,5,paper,top1,5,10,2,10,inject_window,0.1,pod_cpu_hog_orders_001,orders,front-end,6,0.8885170969879255,front-end,"['front-end', 'catalogue-db', 'session-db']","['front-end', 'catalogue-db', 'session-db', 'user', 'queue-master']",False,False,False,0.5,0.5,20000
2026_03_12,metrics-latency_p95__fusion-single_metric__cand-pct-80-min-5__agg-mean__pc-0.1,latency_p95,single_metric,mean,percentile,,80.0,,5,paper,top1,5,10,2,10,inject_window,0.1,pod_cpu_hog_payment_001,payment,front-end,5,0.8963934870262165,catalogue,"['catalogue', 'front-end', 'catalogue-db']","['catalogue', 'front-end', 'catalogue-db', 'session-db', 'user-db']",False,False,False,0.5,0.5,20000
2026_03_12,metrics-latency_p95__fusion-single_metric__cand-pct-80-min-5__agg-mean__pc-0.1,latency_p95,single_metric,mean,percentile,,80.0,,5,paper,top1,5,10,2,10,inject_window,0.1,pod_cpu_hog_queue-master_001,queue-master,front-end,5,1.1400481190066785,user-db,"['user-db', 'front-end', 'session-db']","['user-db', 'front-end', 'session-db', 'catalogue-db', 'user']",False,False,False,0.5,0.5,20000
2026_03_12,metrics-latency_p95__fusion-single_metric__cand-pct-80-min-5__agg-mean__pc-0.1,latency_p95,single_metric,mean,percentile,,80.0,,5,paper,top1,5,10,2,10,inject_window,0.1,pod_cpu_hog_rabbitmq_001,rabbitmq,front-end,5,0.8740924260055181,catalogue-db,"['catalogue-db', 'front-end', 'catalogue']","['catalogue-db', 'front-end', 'catalogue', 'user-db', 'user']",False,False,False,0.5,0.5,20000
2026_03_12,metrics-latency_p95__fusion-single_metric__cand-pct-80-min-5__agg-mean__pc-0.1,latency_p95,single_metric,mean,percentile,,80.0,,5,paper,top1,5,10,2,10,inject_window,0.1,pod_cpu_hog_session-db_001,session-db,front-end,5,0.83069777401397,user,"['user', 'front-end', 'shipping']","['user', 'front-end', 'shipping', 'rabbitmq', 'user-db']",False,False,False,0.5,0.5,20000
2026_03_12,metrics-latency_p95__fusion-single_metric__cand-pct-80-min-5__agg-mean__pc-0.1,latency_p95,single_metric,mean,percentile,,80.0,,5,paper,top1,5,10,2,10,inject_window,0.1,pod_cpu_hog_shipping_001,shipping,front-end,6,1.1889159709971864,user,"['user', 'user-db', 'catalogue']","['user', 'user-db', 'catalogue', 'rabbitmq', 'front-end']",False,False,False,0.5,0.5,20000
2026_03_12,metrics-latency_p95__fusion-single_metric__cand-pct-80-min-5__agg-mean__pc-0.1,latency_p95,single_metric,mean,percentile,,80.0,,5,paper,top1,5,10,2,10,inject_window,0.1,pod_cpu_hog_user-db_001,user-db,front-end,3,0.7843215889879502,front-end,"['front-end', 'queue-master', 'orders-db']","['front-end', 'queue-master', 'orders-db']",False,False,False,0.5,0.5,20000
2026_03_12,metrics-latency_p95__fusion-single_metric__cand-pct-80-min-5__agg-mean__pc-0.1,latency_p95,single_metric,mean,percentile,,80.0,,5,paper,top1,5,10,2,10,inject_window,0.1,pod_cpu_hog_user_001,user,front-end,5,0.8565278360038064,orders,"['orders', 'front-end', 'queue-master']","['orders', 'front-end', 'queue-master', 'rabbitmq', 'catalogue-db']",False,False,False,0.5,0.5,20000
2026_03_12,metrics-latency_p95__fusion-single_metric__cand-pct-80-min-5__agg-mean__pc-0.1,latency_p95,single_metric,mean,percentile,,80.0,,5,paper,top1,5,10,2,10,inject_window,0.1,pod_do_fault_carts-db_001,carts-db,front-end,5,0.869274894008413,front-end,"['front-end', 'carts', 'orders']","['front-end', 'carts', 'orders', 'user-db', 'orders-db']",False,False,False,0.5,0.5,20000
2026_03_12,metrics-latency_p95__fusion-single_metric__cand-pct-80-min-5__agg-mean__pc-0.1,latency_p95,single_metric,mean,percentile,,80.0,,5,paper,top1,5,10,2,10,inject_window,0.1,pod_do_fault_carts_001,carts,front-end,5,0.856667383981403,carts,"['carts', 'orders', 'catalogue-db']","['carts', 'orders', 'catalogue-db', 'front-end', 'user']",True,True,True,0.5,0.5,20000
2026_03_12,metrics-latency_p95__fusion-single_metric__cand-pct-80-min-5__agg-mean__pc-0.1,latency_p95,single_metric,mean,percentile,,80.0,,5,paper,top1,5,10,2,10,inject_window,0.1,pod_do_fault_catalogue-db_001,catalogue-db,front-end,4,1.114791644009529,front-end,"['front-end', 'user-db', 'carts']","['front-end', 'user-db', 'carts', 'catalogue']",False,False,False,0.5,0.5,20000
2026_03_12,metrics-latency_p95__fusion-single_metric__cand-pct-80-min-5__agg-mean__pc-0.1,latency_p95,single_metric,mean,percentile,,80.0,,5,paper,top1,5,10,2,10,inject_window,0.1,pod_do_fault_catalogue_001,catalogue,front-end,5,0.8126431309792679,front-end,"['front-end', 'carts', 'catalogue-db']","['front-end', 'carts', 'catalogue-db', 'user', 'session-db']",False,False,False,0.5,0.5,20000
2026_03_12,metrics-latency_p95__fusion-single_metric__cand-pct-80-min-5__agg-mean__pc-0.1,latency_p95,single_metric,mean,percentile,,80.0,,5,paper,top1,5,10,2,10,inject_window,0.1,pod_do_fault_front-end_001,front-end,front-end,5,0.885952479991829,front-end,"['front-end', 'user', 'orders']","['front-end', 'user', 'orders', 'catalogue-db', 'user-db']",True,True,True,0.5,0.5,20000
2026_03_12,metrics-latency_p95__fusion-single_metric__cand-pct-80-min-5__agg-mean__pc-0.1,latency_p95,single_metric,mean,percentile,,80.0,,5,paper,top1,5,10,2,10,inject_window,0.1,pod_do_fault_orders-db_001,orders-db,front-end,3,0.891822843987029,orders,"['orders', 'front-end', 'rabbitmq']","['orders', 'front-end', 'rabbitmq']",False,False,False,0.5,0.5,20000
2026_03_12,metrics-latency_p95__fusion-single_metric__cand-pct-80-min-5__agg-mean__pc-0.1,latency_p95,single_metric,mean,percentile,,80.0,,5,paper,top1,5,10,2,10,inject_window,0.1,pod_do_fault_orders_001,orders,front-end,5,0.8241609089891426,front-end,"['front-end', 'shipping', 'user']","['front-end', 'shipping', 'user', 'session-db', 'orders']",False,False,True,0.5,0.5,20000
2026_03_12,metrics-latency_p95__fusion-single_metric__cand-pct-80-min-5__agg-mean__pc-0.1,latency_p95,single_metric,mean,percentile,,80.0,,5,paper,top1,5,10,2,10,inject_window,0.1,pod_do_fault_payment_001,payment,front-end,4,1.1554939939815083,rabbitmq,"['rabbitmq', 'front-end', 'queue-master']","['rabbitmq', 'front-end', 'queue-master', 'catalogue-db']",False,False,False,0.5,0.5,20000
2026_03_12,metrics-latency_p95__fusion-single_metric__cand-pct-80-min-5__agg-mean__pc-0.1,latency_p95,single_metric,mean,percentile,,80.0,,5,paper,top1,5,10,2,10,inject_window,0.1,pod_do_fault_queue-master_001,queue-master,front-end,1,0.8875921559811104,front-end,['front-end'],['front-end'],False,False,False,0.5,0.5,20000
2026_03_12,metrics-latency_p95__fusion-single_metric__cand-pct-80-min-5__agg-mean__pc-0.1,latency_p95,single_metric,mean,percentile,,80.0,,5,paper,top1,5,10,2,10,inject_window,0.1,pod_do_fault_shipping_001,shipping,front-end,6,0.8757455209852196,front-end,"['front-end', 'user', 'session-db']","['front-end', 'user', 'session-db', 'carts-db', 'shipping']",False,False,True,0.5,0.5,20000
2026_03_12,metrics-latency_p95__fusion-single_metric__cand-pct-80-min-5__agg-mean__pc-0.1,latency_p95,single_metric,mean,percentile,,80.0,,5,paper,top1,5,10,2,10,inject_window,0.1,pod_do_fault_user-db_001,user-db,front-end,4,0.927769772009924,front-end,"['front-end', 'user-db', 'catalogue-db']","['front-end', 'user-db', 'catalogue-db', 'catalogue']",False,True,True,0.5,0.5,20000
2026_03_12,metrics-latency_p95__fusion-single_metric__cand-pct-80-min-5__agg-mean__pc-0.1,latency_p95,single_metric,mean,percentile,,80.0,,5,paper,top1,5,10,2,10,inject_window,0.1,pod_do_fault_user_001,user,front-end,5,0.8919772119843401,catalogue,"['catalogue', 'front-end', 'user']","['catalogue', 'front-end', 'user', 'carts', 'catalogue-db']",False,True,True,0.5,0.5,20000
2026_03_12,metrics-latency_p95__fusion-single_metric__cand-pct-80-min-5__agg-mean__pc-0.1,latency_p95,single_metric,mean,percentile,,80.0,,5,paper,top1,5,10,2,10,inject_window,0.1,pod_io_fault_carts-db_001,carts-db,front-end,5,0.8472398160083685,front-end,"['front-end', 'catalogue-db', 'carts']","['front-end', 'catalogue-db', 'carts', 'catalogue', 'orders']",False,False,False,0.5,0.5,20000
2026_03_12,metrics-latency_p95__fusion-single_metric__cand-pct-80-min-5__agg-mean__pc-0.1,latency_p95,single_metric,mean,percentile,,80.0,,5,paper,top1,5,10,2,10,inject_window,0.1,pod_io_fault_orders-db_001,orders-db,front-end,3,0.8862244490010198,user,"['user', 'front-end', 'carts']","['user', 'front-end', 'carts']",False,False,False,0.5,0.5,20000
2026_03_12,metrics-latency_p95__fusion-single_metric__cand-pct-80-min-5__agg-mean__pc-0.1,latency_p95,single_metric,mean,percentile,,80.0,,5,paper,top1,5,10,2,10,inject_window,0.1,pod_io_fault_user-db_001,user-db,front-end,5,0.8793467009963933,catalogue,"['catalogue', 'front-end', 'user-db']","['catalogue', 'front-end', 'user-db', 'catalogue-db', 'orders-db']",False,True,True,0.5,0.5,20000
2026_03_12,metrics-latency_p95__fusion-single_metric__cand-pct-80-min-5__agg-mean__pc-0.1,latency_p95,single_metric,mean,percentile,,80.0,,5,paper,top1,5,10,2,10,inject_window,0.1,pod_java_exception_carts_001,carts,front-end,5,0.8863137179869227,user,"['user', 'front-end', 'orders']","['user', 'front-end', 'orders', 'carts', 'catalogue-db']",False,False,True,0.5,0.5,20000
2026_03_12,metrics-latency_p95__fusion-single_metric__cand-pct-80-min-5__agg-mean__pc-0.1,latency_p95,single_metric,mean,percentile,,80.0,,5,paper,top1,5,10,2,10,inject_window,0.1,pod_java_exception_orders_001,orders,front-end,5,1.1282102359982673,front-end,"['front-end', 'user', 'session-db']","['front-end', 'user', 'session-db', 'carts-db', 'orders']",False,False,True,0.5,0.5,20000
2026_03_12,metrics-latency_p95__fusion-single_metric__cand-pct-80-min-5__agg-mean__pc-0.1,latency_p95,single_metric,mean,percentile,,80.0,,5,paper,top1,5,10,2,10,inject_window,0.1,pod_java_exception_shipping_001,shipping,front-end,4,0.8806184320128523,front-end,"['front-end', 'catalogue', 'catalogue-db']","['front-end', 'catalogue', 'catalogue-db', 'user-db']",False,False,False,0.5,0.5,20000
2026_03_12,metrics-latency_p95__fusion-single_metric__cand-pct-80-min-5__agg-mean__pc-0.1,latency_p95,single_metric,mean,percentile,,80.0,,5,paper,top1,5,10,2,10,inject_window,0.1,pod_memory_hog_carts_001,carts,front-end,5,0.8495265390083659,user,"['user', 'catalogue', 'user-db']","['user', 'catalogue', 'user-db', 'catalogue-db', 'front-end']",False,False,False,0.5,0.5,20000
2026_03_12,metrics-latency_p95__fusion-single_metric__cand-pct-80-min-5__agg-mean__pc-0.1,latency_p95,single_metric,mean,percentile,,80.0,,5,paper,top1,5,10,2,10,inject_window,0.1,pod_memory_hog_catalogue_001,catalogue,front-end,6,0.886962629010668,front-end,"['front-end', 'user', 'catalogue']","['front-end', 'user', 'catalogue', 'user-db', 'carts']",False,True,True,0.5,0.5,20000
2026_03_12,metrics-latency_p95__fusion-single_metric__cand-pct-80-min-5__agg-mean__pc-0.1,latency_p95,single_metric,mean,percentile,,80.0,,5,paper,top1,5,10,2,10,inject_window,0.1,pod_memory_hog_front-end_001,front-end,front-end,4,1.035659360990394,front-end,"['front-end', 'session-db', 'user-db']","['front-end', 'session-db', 'user-db', 'shipping']",True,True,True,0.5,0.5,20000
2026_03_12,metrics-latency_p95__fusion-single_metric__cand-pct-80-min-5__agg-mean__pc-0.1,latency_p95,single_metric,mean,percentile,,80.0,,5,paper,top1,5,10,2,10,inject_window,0.1,pod_memory_hog_orders_001,orders,front-end,5,0.8668301969883032,front-end,"['front-end', 'shipping', 'user-db']","['front-end', 'shipping', 'user-db', 'user', 'carts-db']",False,False,False,0.5,0.5,20000
2026_03_12,metrics-latency_p95__fusion-single_metric__cand-pct-80-min-5__agg-mean__pc-0.1,latency_p95,single_metric,mean,percentile,,80.0,,5,paper,top1,5,10,2,10,inject_window,0.1,pod_memory_hog_payment_001,payment,front-end,5,0.8915284590038937,catalogue,"['catalogue', 'user', 'front-end']","['catalogue', 'user', 'front-end', 'carts', 'catalogue-db']",False,False,False,0.5,0.5,20000
2026_03_12,metrics-latency_p95__fusion-single_metric__cand-pct-80-min-5__agg-mean__pc-0.1,latency_p95,single_metric,mean,percentile,,80.0,,5,paper,top1,5,10,2,10,inject_window,0.1,pod_memory_hog_queue-master_001,queue-master,front-end,5,1.138789327989798,carts-db,"['carts-db', 'user-db', 'front-end']","['carts-db', 'user-db', 'front-end', 'catalogue-db', 'catalogue']",False,False,False,0.5,0.5,20000
2026_03_12,metrics-latency_p95__fusion-single_metric__cand-pct-80-min-5__agg-mean__pc-0.1,latency_p95,single_metric,mean,percentile,,80.0,,5,paper,top1,5,10,2,10,inject_window,0.1,pod_memory_hog_shipping_001,shipping,front-end,6,0.9028486820170656,front-end,"['front-end', 'catalogue', 'carts-db']","['front-end', 'catalogue', 'carts-db', 'catalogue-db', 'orders-db']",False,False,False,0.5,0.5,20000
2026_03_12,metrics-latency_p95__fusion-single_metric__cand-pct-80-min-5__agg-mean__pc-0.1,latency_p95,single_metric,mean,percentile,,80.0,,5,paper,top1,5,10,2,10,inject_window,0.1,pod_memory_hog_user_001,user,front-end,3,0.8866386050067376,catalogue,"['catalogue', 'front-end', 'shipping']","['catalogue', 'front-end', 'shipping']",False,False,False,0.5,0.5,20000
2026_03_12,metrics-latency_p95__fusion-single_metric__cand-pct-80-min-5__agg-mean__pc-0.1,latency_p95,single_metric,mean,percentile,,80.0,,5,paper,top1,5,10,2,10,inject_window,0.1,pod_network_delay_carts_001,carts,front-end,5,0.8757233200012706,front-end,"['front-end', 'carts', 'orders']","['front-end', 'carts', 'orders', 'catalogue-db', 'user']",False,True,True,0.5,0.5,20000
2026_03_12,metrics-latency_p95__fusion-single_metric__cand-pct-80-min-5__agg-mean__pc-0.1,latency_p95,single_metric,mean,percentile,,80.0,,5,paper,top1,5,10,2,10,inject_window,0.1,pod_network_delay_catalogue_001,catalogue,front-end,5,0.8865377370093483,catalogue,"['catalogue', 'front-end', 'user']","['catalogue', 'front-end', 'user', 'user-db', 'orders']",True,True,True,0.5,0.5,20000
2026_03_12,metrics-latency_p95__fusion-single_metric__cand-pct-80-min-5__agg-mean__pc-0.1,latency_p95,single_metric,mean,percentile,,80.0,,5,paper,top1,5,10,2,10,inject_window,0.1,pod_network_delay_front-end_001,front-end,front-end,3,0.8375589700008277,front-end,"['front-end', 'rabbitmq', 'user-db']","['front-end', 'rabbitmq', 'user-db']",True,True,True,0.5,0.5,20000
2026_03_12,metrics-latency_p95__fusion-single_metric__cand-pct-80-min-5__agg-mean__pc-0.1,latency_p95,single_metric,mean,percentile,,80.0,,5,paper,top1,5,10,2,10,inject_window,0.1,pod_network_delay_orders_001,orders,front-end,5,0.8174647590203676,front-end,"['front-end', 'session-db', 'orders']","['front-end', 'session-db', 'orders', 'carts', 'catalogue-db']",False,True,True,0.5,0.5,20000
2026_03_12,metrics-latency_p95__fusion-single_metric__cand-pct-80-min-5__agg-mean__pc-0.1,latency_p95,single_metric,mean,percentile,,80.0,,5,paper,top1,5,10,2,10,inject_window,0.1,pod_network_delay_payment_001,payment,front-end,5,0.7849331749894191,front-end,"['front-end', 'user', 'orders']","['front-end', 'user', 'orders', 'session-db', 'catalogue']",False,False,False,0.5,0.5,20000
2026_03_12,metrics-latency_p95__fusion-single_metric__cand-pct-80-min-5__agg-mean__pc-0.1,latency_p95,single_metric,mean,percentile,,80.0,,5,paper,top1,5,10,2,10,inject_window,0.1,pod_network_delay_queue-master_001,queue-master,front-end,5,0.8811801130068488,front-end,"['front-end', 'orders', 'user-db']","['front-end', 'orders', 'user-db', 'payment', 'orders-db']",False,False,False,0.5,0.5,20000
2026_03_12,metrics-latency_p95__fusion-single_metric__cand-pct-80-min-5__agg-mean__pc-0.1,latency_p95,single_metric,mean,percentile,,80.0,,5,paper,top1,5,10,2,10,inject_window,0.1,pod_network_delay_shipping_001,shipping,front-end,5,0.8398893230187241,catalogue-db,"['catalogue-db', 'session-db', 'user']","['catalogue-db', 'session-db', 'user', 'front-end', 'orders']",False,False,False,0.5,0.5,20000
2026_03_12,metrics-latency_p95__fusion-single_metric__cand-pct-80-min-5__agg-mean__pc-0.1,latency_p95,single_metric,mean,percentile,,80.0,,5,paper,top1,5,10,2,10,inject_window,0.1,pod_network_delay_user_001,user,front-end,5,0.9054002509801647,orders,"['orders', 'queue-master', 'front-end']","['orders', 'queue-master', 'front-end', 'catalogue-db', 'user']",False,False,True,0.5,0.5,20000
2026_03_12,metrics-latency_p95__fusion-single_metric__cand-pct-80-min-5__agg-mean__pc-0.1,latency_p95,single_metric,mean,percentile,,80.0,,5,paper,top1,5,10,2,10,inject_window,0.1,pod_network_loss_carts_001,carts,front-end,4,0.8843504440155812,carts,"['carts', 'front-end', 'orders']","['carts', 'front-end', 'orders', 'queue-master']",True,True,True,0.5,0.5,20000
2026_03_12,metrics-latency_p95__fusion-single_metric__cand-pct-80-min-5__agg-mean__pc-0.1,latency_p95,single_metric,mean,percentile,,80.0,,5,paper,top1,5,10,2,10,inject_window,0.1,pod_network_loss_catalogue_001,catalogue,front-end,4,0.8848568800021894,front-end,"['front-end', 'user', 'session-db']","['front-end', 'user', 'session-db', 'catalogue-db']",False,False,False,0.5,0.5,20000
2026_03_12,metrics-latency_p95__fusion-single_metric__cand-pct-80-min-5__agg-mean__pc-0.1,latency_p95,single_metric,mean,percentile,,80.0,,5,paper,top1,5,10,2,10,inject_window,0.1,pod_network_loss_front-end_001,front-end,front-end,5,0.8649080879986286,front-end,"['front-end', 'user', 'catalogue-db']","['front-end', 'user', 'catalogue-db', 'session-db', 'user-db']",True,True,True,0.5,0.5,20000
2026_03_12,metrics-latency_p95__fusion-single_metric__cand-pct-80-min-5__agg-mean__pc-0.1,latency_p95,single_metric,mean,percentile,,80.0,,5,paper,top1,5,10,2,10,inject_window,0.1,pod_network_loss_orders_001,orders,front-end,4,0.8394251290010288,front-end,"['front-end', 'user', 'session-db']","['front-end', 'user', 'session-db', 'rabbitmq']",False,False,False,0.5,0.5,20000
2026_03_12,metrics-latency_p95__fusion-single_metric__cand-pct-80-min-5__agg-mean__pc-0.1,latency_p95,single_metric,mean,percentile,,80.0,,5,paper,top1,5,10,2,10,inject_window,0.1,pod_network_loss_payment_001,payment,front-end,5,0.8963442859821953,front-end,"['front-end', 'user', 'session-db']","['front-end', 'user', 'session-db', 'catalogue-db', 'shipping']",False,False,False,0.5,0.5,20000
2026_03_12,metrics-latency_p95__fusion-single_metric__cand-pct-80-min-5__agg-mean__pc-0.1,latency_p95,single_metric,mean,percentile,,80.0,,5,paper,top1,5,10,2,10,inject_window,0.1,pod_network_loss_queue-master_001,queue-master,front-end,5,0.8181539370270912,orders,"['orders', 'queue-master', 'catalogue']","['orders', 'queue-master', 'catalogue', 'front-end', 'user-db']",False,True,True,0.5,0.5,20000
2026_03_12,metrics-latency_p95__fusion-single_metric__cand-pct-80-min-5__agg-mean__pc-0.1,latency_p95,single_metric,mean,percentile,,80.0,,5,paper,top1,5,10,2,10,inject_window,0.1,pod_network_loss_shipping_001,shipping,front-end,3,0.8633444250153843,front-end,"['front-end', 'queue-master', 'rabbitmq']","['front-end', 'queue-master', 'rabbitmq']",False,False,False,0.5,0.5,20000
2026_03_12,metrics-latency_p95__fusion-single_metric__cand-pct-80-min-5__agg-mean__pc-0.1,latency_p95,single_metric,mean,percentile,,80.0,,5,paper,top1,5,10,2,10,inject_window,0.1,pod_network_loss_user_001,user,front-end,4,0.9016664170194416,orders,"['orders', 'user', 'front-end']","['orders', 'user', 'front-end', 'queue-master']",False,True,True,0.5,0.5,20000
2026_03_12,metrics-latency_p95__fusion-single_metric__cand-pct-80-min-5__agg-mean__pc-0.1,latency_p95,single_metric,mean,percentile,,80.0,,5,paper,top1,5,10,2,10,inject_window,0.1,pod_network_partition_carts_001,carts,front-end,3,0.8091909049835522,front-end,"['front-end', 'orders', 'queue-master']","['front-end', 'orders', 'queue-master']",False,False,False,0.5,0.5,20000
2026_03_12,metrics-latency_p95__fusion-single_metric__cand-pct-80-min-5__agg-mean__pc-0.1,latency_p95,single_metric,mean,percentile,,80.0,,5,paper,top1,5,10,2,10,inject_window,0.1,pod_network_partition_catalogue_001,catalogue,front-end,1,0.8118645510112401,front-end,['front-end'],['front-end'],False,False,False,0.5,0.5,20000
2026_03_12,metrics-latency_p95__fusion-single_metric__cand-pct-80-min-5__agg-mean__pc-0.1,latency_p95,single_metric,mean,percentile,,80.0,,5,paper,top1,5,10,2,10,inject_window,0.1,pod_network_partition_front-end_001,front-end,front-end,3,0.8255568130116444,front-end,"['front-end', 'queue-master', 'catalogue']","['front-end', 'queue-master', 'catalogue']",True,True,True,0.5,0.5,20000
2026_03_12,metrics-latency_p95__fusion-single_metric__cand-pct-80-min-5__agg-mean__pc-0.1,latency_p95,single_metric,mean,percentile,,80.0,,5,paper,top1,5,10,2,10,inject_window,0.1,pod_network_partition_orders_001,orders,front-end,5,0.7877166039834265,carts,"['carts', 'front-end', 'user']","['carts', 'front-end', 'user', 'session-db', 'catalogue-db']",False,False,False,0.5,0.5,20000
2026_03_12,metrics-latency_p95__fusion-single_metric__cand-pct-80-min-5__agg-mean__pc-0.1,latency_p95,single_metric,mean,percentile,,80.0,,5,paper,top1,5,10,2,10,inject_window,0.1,pod_network_partition_payment_001,payment,front-end,5,0.8915685530228075,user,"['user', 'session-db', 'shipping']","['user', 'session-db', 'shipping', 'front-end', 'orders']",False,False,False,0.5,0.5,20000
2026_03_12,metrics-latency_p95__fusion-single_metric__cand-pct-80-min-5__agg-mean__pc-0.1,latency_p95,single_metric,mean,percentile,,80.0,,5,paper,top1,5,10,2,10,inject_window,0.1,pod_network_partition_queue-master_001,queue-master,front-end,4,0.8809797639842145,session-db,"['session-db', 'orders', 'user']","['session-db', 'orders', 'user', 'front-end']",False,False,False,0.5,0.5,20000
2026_03_12,metrics-latency_p95__fusion-single_metric__cand-pct-80-min-5__agg-mean__pc-0.1,latency_p95,single_metric,mean,percentile,,80.0,,5,paper,top1,5,10,2,10,inject_window,0.1,pod_network_partition_shipping_001,shipping,front-end,5,0.8600417459965684,front-end,"['front-end', 'orders', 'catalogue-db']","['front-end', 'orders', 'catalogue-db', 'queue-master', 'shipping']",False,False,True,0.5,0.5,20000
2026_03_12,metrics-latency_p95__fusion-single_metric__cand-pct-80-min-5__agg-mean__pc-0.1,latency_p95,single_metric,mean,percentile,,80.0,,5,paper,top1,5,10,2,10,inject_window,0.1,pod_network_partition_user_001,user,front-end,5,0.850298046017997,user-db,"['user-db', 'catalogue-db', 'rabbitmq']","['user-db', 'catalogue-db', 'rabbitmq', 'queue-master', 'front-end']",False,False,False,0.5,0.5,20000
2026_03_13,metrics-latency_p95__fusion-single_metric__cand-pct-80-min-5__agg-mean__pc-0.1,latency_p95,single_metric,mean,percentile,,80.0,,5,paper,top1,5,10,2,10,inject_window,0.1,pod_cpu_hog_carts-db_001,carts-db,front-end,6,1.137845760997152,catalogue,"['catalogue', 'front-end', 'user']","['catalogue', 'front-end', 'user', 'user-db', 'rabbitmq']",False,False,False,0.5,0.5,20000
2026_03_13,metrics-latency_p95__fusion-single_metric__cand-pct-80-min-5__agg-mean__pc-0.1,latency_p95,single_metric,mean,percentile,,80.0,,5,paper,top1,5,10,2,10,inject_window,0.1,pod_cpu_hog_carts_001,carts,front-end,5,0.8664865700120572,front-end,"['front-end', 'user', 'carts']","['front-end', 'user', 'carts', 'session-db', 'user-db']",False,True,True,0.5,0.5,20000
2026_03_13,metrics-latency_p95__fusion-single_metric__cand-pct-80-min-5__agg-mean__pc-0.1,latency_p95,single_metric,mean,percentile,,80.0,,5,paper,top1,5,10,2,10,inject_window,0.1,pod_cpu_hog_catalogue-db_001,catalogue-db,front-end,5,1.124388809024822,user,"['user', 'orders-db', 'shipping']","['user', 'orders-db', 'shipping', 'front-end', 'user-db']",False,False,False,0.5,0.5,20000
2026_03_13,metrics-latency_p95__fusion-single_metric__cand-pct-80-min-5__agg-mean__pc-0.1,latency_p95,single_metric,mean,percentile,,80.0,,5,paper,top1,5,10,2,10,inject_window,0.1,pod_cpu_hog_catalogue_001,catalogue,front-end,5,1.070020212006057,front-end,"['front-end', 'carts', 'rabbitmq']","['front-end', 'carts', 'rabbitmq', 'catalogue-db', 'orders-db']",False,False,False,0.5,0.5,20000
2026_03_13,metrics-latency_p95__fusion-single_metric__cand-pct-80-min-5__agg-mean__pc-0.1,latency_p95,single_metric,mean,percentile,,80.0,,5,paper,top1,5,10,2,10,inject_window,0.1,pod_cpu_hog_front-end_001,front-end,front-end,3,1.3965458660095464,catalogue,"['catalogue', 'front-end', 'catalogue-db']","['catalogue', 'front-end', 'catalogue-db']",False,True,True,0.5,0.5,20000
2026_03_13,metrics-latency_p95__fusion-single_metric__cand-pct-80-min-5__agg-mean__pc-0.1,latency_p95,single_metric,mean,percentile,,80.0,,5,paper,top1,5,10,2,10,inject_window,0.1,pod_cpu_hog_orders-db_001,orders-db,front-end,6,0.8146013599762227,orders,"['orders', 'front-end', 'orders-db']","['orders', 'front-end', 'orders-db', 'user-db', 'carts-db']",False,True,True,0.5,0.5,20000
2026_03_13,metrics-latency_p95__fusion-single_metric__cand-pct-80-min-5__agg-mean__pc-0.1,latency_p95,single_metric,mean,percentile,,80.0,,5,paper,top1,5,10,2,10,inject_window,0.1,pod_cpu_hog_orders_001,orders,front-end,5,1.1707177509961184,user,"['user', 'front-end', 'carts']","['user', 'front-end', 'carts', 'orders', 'shipping']",False,False,True,0.5,0.5,20000
2026_03_13,metrics-latency_p95__fusion-single_metric__cand-pct-80-min-5__agg-mean__pc-0.1,latency_p95,single_metric,mean,percentile,,80.0,,5,paper,top1,5,10,2,10,inject_window,0.1,pod_cpu_hog_payment_001,payment,front-end,5,0.8853515819937456,catalogue,"['catalogue', 'user-db', 'carts-db']","['catalogue', 'user-db', 'carts-db', 'catalogue-db', 'front-end']",False,False,False,0.5,0.5,20000
2026_03_13,metrics-latency_p95__fusion-single_metric__cand-pct-80-min-5__agg-mean__pc-0.1,latency_p95,single_metric,mean,percentile,,80.0,,5,paper,top1,5,10,2,10,inject_window,0.1,pod_cpu_hog_queue-master_001,queue-master,front-end,5,0.8639246739912778,catalogue,"['catalogue', 'user', 'front-end']","['catalogue', 'user', 'front-end', 'shipping', 'orders']",False,False,False,0.5,0.5,20000
2026_03_13,metrics-latency_p95__fusion-single_metric__cand-pct-80-min-5__agg-mean__pc-0.1,latency_p95,single_metric,mean,percentile,,80.0,,5,paper,top1,5,10,2,10,inject_window,0.1,pod_cpu_hog_rabbitmq_001,rabbitmq,front-end,4,0.8093629840004724,catalogue,"['catalogue', 'front-end', 'carts']","['catalogue', 'front-end', 'carts', 'user']",False,False,False,0.5,0.5,20000
2026_03_13,metrics-latency_p95__fusion-single_metric__cand-pct-80-min-5__agg-mean__pc-0.1,latency_p95,single_metric,mean,percentile,,80.0,,5,paper,top1,5,10,2,10,inject_window,0.1,pod_cpu_hog_session-db_001,session-db,front-end,5,0.9041132499987724,front-end,"['front-end', 'carts', 'orders']","['front-end', 'carts', 'orders', 'session-db', 'user']",False,False,True,0.5,0.5,20000
2026_03_13,metrics-latency_p95__fusion-single_metric__cand-pct-80-min-5__agg-mean__pc-0.1,latency_p95,single_metric,mean,percentile,,80.0,,5,paper,top1,5,10,2,10,inject_window,0.1,pod_cpu_hog_shipping_001,shipping,front-end,5,1.168446199997561,user,"['user', 'carts', 'front-end']","['user', 'carts', 'front-end', 'orders-db', 'session-db']",False,False,False,0.5,0.5,20000
2026_03_13,metrics-latency_p95__fusion-single_metric__cand-pct-80-min-5__agg-mean__pc-0.1,latency_p95,single_metric,mean,percentile,,80.0,,5,paper,top1,5,10,2,10,inject_window,0.1,pod_cpu_hog_user-db_001,user-db,front-end,4,0.8535693260200787,front-end,"['front-end', 'catalogue-db', 'orders-db']","['front-end', 'catalogue-db', 'orders-db', 'carts']",False,False,False,0.5,0.5,20000
2026_03_13,metrics-latency_p95__fusion-single_metric__cand-pct-80-min-5__agg-mean__pc-0.1,latency_p95,single_metric,mean,percentile,,80.0,,5,paper,top1,5,10,2,10,inject_window,0.1,pod_cpu_hog_user_001,user,front-end,5,0.787591957981931,front-end,"['front-end', 'catalogue', 'rabbitmq']","['front-end', 'catalogue', 'rabbitmq', 'user', 'catalogue-db']",False,False,True,0.5,0.5,20000
2026_03_13,metrics-latency_p95__fusion-single_metric__cand-pct-80-min-5__agg-mean__pc-0.1,latency_p95,single_metric,mean,percentile,,80.0,,5,paper,top1,5,10,2,10,inject_window,0.1,pod_do_fault_carts-db_001,carts-db,front-end,5,1.1271740490046795,orders,"['orders', 'carts', 'user']","['orders', 'carts', 'user', 'shipping', 'front-end']",False,False,False,0.5,0.5,20000
2026_03_13,metrics-latency_p95__fusion-single_metric__cand-pct-80-min-5__agg-mean__pc-0.1,latency_p95,single_metric,mean,percentile,,80.0,,5,paper,top1,5,10,2,10,inject_window,0.1,pod_do_fault_carts_001,carts,front-end,5,0.838809928012779,front-end,"['front-end', 'orders', 'carts']","['front-end', 'orders', 'carts', 'user', 'session-db']",False,True,True,0.5,0.5,20000
2026_03_13,metrics-latency_p95__fusion-single_metric__cand-pct-80-min-5__agg-mean__pc-0.1,latency_p95,single_metric,mean,percentile,,80.0,,5,paper,top1,5,10,2,10,inject_window,0.1,pod_do_fault_catalogue-db_001,catalogue-db,front-end,5,0.7987032390083186,orders,"['orders', 'user', 'session-db']","['orders', 'user', 'session-db', 'front-end', 'user-db']",False,False,False,0.5,0.5,20000
2026_03_13,metrics-latency_p95__fusion-single_metric__cand-pct-80-min-5__agg-mean__pc-0.1,latency_p95,single_metric,mean,percentile,,80.0,,5,paper,top1,5,10,2,10,inject_window,0.1,pod_do_fault_catalogue_001,catalogue,front-end,5,1.1261428210127633,front-end,"['front-end', 'orders', 'rabbitmq']","['front-end', 'orders', 'rabbitmq', 'orders-db', 'user']",False,False,False,0.5,0.5,20000
2026_03_13,metrics-latency_p95__fusion-single_metric__cand-pct-80-min-5__agg-mean__pc-0.1,latency_p95,single_metric,mean,percentile,,80.0,,5,paper,top1,5,10,2,10,inject_window,0.1,pod_do_fault_front-end_001,front-end,front-end,5,0.8037469529954251,orders,"['orders', 'front-end', 'user']","['orders', 'front-end', 'user', 'rabbitmq', 'orders-db']",False,True,True,0.5,0.5,20000
2026_03_13,metrics-latency_p95__fusion-single_metric__cand-pct-80-min-5__agg-mean__pc-0.1,latency_p95,single_metric,mean,percentile,,80.0,,5,paper,top1,5,10,2,10,inject_window,0.1,pod_do_fault_orders-db_001,orders-db,front-end,4,1.1462971330038272,orders,"['orders', 'front-end', 'carts']","['orders', 'front-end', 'carts', 'user-db']",False,False,False,0.5,0.5,20000
2026_03_13,metrics-latency_p95__fusion-single_metric__cand-pct-80-min-5__agg-mean__pc-0.1,latency_p95,single_metric,mean,percentile,,80.0,,5,paper,top1,5,10,2,10,inject_window,0.1,pod_do_fault_orders_001,orders,front-end,5,0.902547704987228,catalogue,"['catalogue', 'user', 'front-end']","['catalogue', 'user', 'front-end', 'queue-master', 'orders']",False,False,True,0.5,0.5,20000
2026_03_13,metrics-latency_p95__fusion-single_metric__cand-pct-80-min-5__agg-mean__pc-0.1,latency_p95,single_metric,mean,percentile,,80.0,,5,paper,top1,5,10,2,10,inject_window,0.1,pod_do_fault_payment_001,payment,front-end,6,0.8618017639964819,carts,"['carts', 'user', 'shipping']","['carts', 'user', 'shipping', 'front-end', 'catalogue']",False,False,False,0.5,0.5,20000
2026_03_13,metrics-latency_p95__fusion-single_metric__cand-pct-80-min-5__agg-mean__pc-0.1,latency_p95,single_metric,mean,percentile,,80.0,,5,paper,top1,5,10,2,10,inject_window,0.1,pod_do_fault_queue-master_001,queue-master,front-end,6,0.9156797650211956,front-end,"['front-end', 'user', 'user-db']","['front-end', 'user', 'user-db', 'orders-db', 'session-db']",False,False,False,0.5,0.5,20000
2026_03_13,metrics-latency_p95__fusion-single_metric__cand-pct-80-min-5__agg-mean__pc-0.1,latency_p95,single_metric,mean,percentile,,80.0,,5,paper,top1,5,10,2,10,inject_window,0.1,pod_do_fault_shipping_001,shipping,front-end,6,1.1118169180117548,user,"['user', 'catalogue', 'carts']","['user', 'catalogue', 'carts', 'front-end', 'orders']",False,False,False,0.5,0.5,20000
2026_03_13,metrics-latency_p95__fusion-single_metric__cand-pct-80-min-5__agg-mean__pc-0.1,latency_p95,single_metric,mean,percentile,,80.0,,5,paper,top1,5,10,2,10,inject_window,0.1,pod_do_fault_user-db_001,user-db,front-end,6,0.8719231840223074,orders,"['orders', 'front-end', 'session-db']","['orders', 'front-end', 'session-db', 'carts', 'rabbitmq']",False,False,False,0.5,0.5,20000
2026_03_13,metrics-latency_p95__fusion-single_metric__cand-pct-80-min-5__agg-mean__pc-0.1,latency_p95,single_metric,mean,percentile,,80.0,,5,paper,top1,5,10,2,10,inject_window,0.1,pod_do_fault_user_001,user,front-end,5,0.8789538349956274,front-end,"['front-end', 'session-db', 'carts']","['front-end', 'session-db', 'carts', 'catalogue-db', 'orders']",False,False,False,0.5,0.5,20000
2026_03_13,metrics-latency_p95__fusion-single_metric__cand-pct-80-min-5__agg-mean__pc-0.1,latency_p95,single_metric,mean,percentile,,80.0,,5,paper,top1,5,10,2,10,inject_window,0.1,pod_io_fault_carts-db_001,carts-db,front-end,6,0.8135790000087582,catalogue-db,"['catalogue-db', 'orders-db', 'orders']","['catalogue-db', 'orders-db', 'orders', 'front-end', 'carts']",False,False,False,0.5,0.5,20000
2026_03_13,metrics-latency_p95__fusion-single_metric__cand-pct-80-min-5__agg-mean__pc-0.1,latency_p95,single_metric,mean,percentile,,80.0,,5,paper,top1,5,10,2,10,inject_window,0.1,pod_io_fault_orders-db_001,orders-db,front-end,5,1.1431635839981027,user,"['user', 'front-end', 'carts']","['user', 'front-end', 'carts', 'orders', 'catalogue']",False,False,False,0.5,0.5,20000
2026_03_13,metrics-latency_p95__fusion-single_metric__cand-pct-80-min-5__agg-mean__pc-0.1,latency_p95,single_metric,mean,percentile,,80.0,,5,paper,top1,5,10,2,10,inject_window,0.1,pod_io_fault_user-db_001,user-db,front-end,6,0.8778402240131982,front-end,"['front-end', 'carts', 'carts-db']","['front-end', 'carts', 'carts-db', 'session-db', 'orders']",False,False,False,0.5,0.5,20000
2026_03_13,metrics-latency_p95__fusion-single_metric__cand-pct-80-min-5__agg-mean__pc-0.1,latency_p95,single_metric,mean,percentile,,80.0,,5,paper,top1,5,10,2,10,inject_window,0.1,pod_java_exception_carts_001,carts,front-end,4,1.146085171989398,orders,"['orders', 'user', 'carts']","['orders', 'user', 'carts', 'front-end']",False,True,True,0.5,0.5,20000
2026_03_13,metrics-latency_p95__fusion-single_metric__cand-pct-80-min-5__agg-mean__pc-0.1,latency_p95,single_metric,mean,percentile,,80.0,,5,paper,top1,5,10,2,10,inject_window,0.1,pod_java_exception_orders_001,orders,front-end,5,1.1616746140061878,catalogue,"['catalogue', 'front-end', 'carts']","['catalogue', 'front-end', 'carts', 'orders-db', 'catalogue-db']",False,False,False,0.5,0.5,20000
2026_03_13,metrics-latency_p95__fusion-single_metric__cand-pct-80-min-5__agg-mean__pc-0.1,latency_p95,single_metric,mean,percentile,,80.0,,5,paper,top1,5,10,2,10,inject_window,0.1,pod_java_exception_shipping_001,shipping,front-end,6,0.8023240719921887,carts,"['carts', 'user', 'front-end']","['carts', 'user', 'front-end', 'rabbitmq', 'shipping']",False,False,True,0.5,0.5,20000
2026_03_13,metrics-latency_p95__fusion-single_metric__cand-pct-80-min-5__agg-mean__pc-0.1,latency_p95,single_metric,mean,percentile,,80.0,,5,paper,top1,5,10,2,10,inject_window,0.1,pod_memory_hog_carts_001,carts,front-end,5,0.8090311280102469,front-end,"['front-end', 'orders-db', 'user-db']","['front-end', 'orders-db', 'user-db', 'user', 'catalogue']",False,False,False,0.5,0.5,20000
2026_03_13,metrics-latency_p95__fusion-single_metric__cand-pct-80-min-5__agg-mean__pc-0.1,latency_p95,single_metric,mean,percentile,,80.0,,5,paper,top1,5,10,2,10,inject_window,0.1,pod_memory_hog_catalogue_001,catalogue,front-end,6,0.9507257630175444,catalogue,"['catalogue', 'front-end', 'shipping']","['catalogue', 'front-end', 'shipping', 'user', 'carts']",True,True,True,0.5,0.5,20000
2026_03_13,metrics-latency_p95__fusion-single_metric__cand-pct-80-min-5__agg-mean__pc-0.1,latency_p95,single_metric,mean,percentile,,80.0,,5,paper,top1,5,10,2,10,inject_window,0.1,pod_memory_hog_front-end_001,front-end,front-end,5,0.8238006370083895,catalogue,"['catalogue', 'front-end', 'carts']","['catalogue', 'front-end', 'carts', 'user', 'session-db']",False,True,True,0.5,0.5,20000
2026_03_13,metrics-latency_p95__fusion-single_metric__cand-pct-80-min-5__agg-mean__pc-0.1,latency_p95,single_metric,mean,percentile,,80.0,,5,paper,top1,5,10,2,10,inject_window,0.1,pod_memory_hog_orders_001,orders,front-end,6,0.8643917989975307,orders,"['orders', 'user-db', 'carts-db']","['orders', 'user-db', 'carts-db', 'session-db', 'orders-db']",True,True,True,0.5,0.5,20000
2026_03_13,metrics-latency_p95__fusion-single_metric__cand-pct-80-min-5__agg-mean__pc-0.1,latency_p95,single_metric,mean,percentile,,80.0,,5,paper,top1,5,10,2,10,inject_window,0.1,pod_memory_hog_payment_001,payment,front-end,5,0.8372254309942946,front-end,"['front-end', 'user', 'orders-db']","['front-end', 'user', 'orders-db', 'user-db', 'carts-db']",False,False,False,0.5,0.5,20000
2026_03_13,metrics-latency_p95__fusion-single_metric__cand-pct-80-min-5__agg-mean__pc-0.1,latency_p95,single_metric,mean,percentile,,80.0,,5,paper,top1,5,10,2,10,inject_window,0.1,pod_memory_hog_queue-master_001,queue-master,front-end,5,0.8966997409879696,catalogue-db,"['catalogue-db', 'user', 'user-db']","['catalogue-db', 'user', 'user-db', 'orders-db', 'front-end']",False,False,False,0.5,0.5,20000
2026_03_13,metrics-latency_p95__fusion-single_metric__cand-pct-80-min-5__agg-mean__pc-0.1,latency_p95,single_metric,mean,percentile,,80.0,,5,paper,top1,5,10,2,10,inject_window,0.1,pod_memory_hog_shipping_001,shipping,front-end,5,0.8898200260009617,user-db,"['user-db', 'orders-db', 'user']","['user-db', 'orders-db', 'user', 'session-db', 'front-end']",False,False,False,0.5,0.5,20000
2026_03_13,metrics-latency_p95__fusion-single_metric__cand-pct-80-min-5__agg-mean__pc-0.1,latency_p95,single_metric,mean,percentile,,80.0,,5,paper,top1,5,10,2,10,inject_window,0.1,pod_memory_hog_user_001,user,front-end,5,0.9080497739778366,carts,"['carts', 'user', 'catalogue-db']","['carts', 'user', 'catalogue-db', 'front-end', 'orders-db']",False,True,True,0.5,0.5,20000
2026_03_13,metrics-latency_p95__fusion-single_metric__cand-pct-80-min-5__agg-mean__pc-0.1,latency_p95,single_metric,mean,percentile,,80.0,,5,paper,top1,5,10,2,10,inject_window,0.1,pod_network_delay_carts_001,carts,front-end,5,0.8197811479913071,user,"['user', 'front-end', 'orders']","['user', 'front-end', 'orders', 'session-db', 'carts']",False,False,True,0.5,0.5,20000
2026_03_13,metrics-latency_p95__fusion-single_metric__cand-pct-80-min-5__agg-mean__pc-0.1,latency_p95,single_metric,mean,percentile,,80.0,,5,paper,top1,5,10,2,10,inject_window,0.1,pod_network_delay_catalogue_001,catalogue,front-end,5,0.8706380880030338,catalogue,"['catalogue', 'front-end', 'orders']","['catalogue', 'front-end', 'orders', 'rabbitmq', 'user']",True,True,True,0.5,0.5,20000
2026_03_13,metrics-latency_p95__fusion-single_metric__cand-pct-80-min-5__agg-mean__pc-0.1,latency_p95,single_metric,mean,percentile,,80.0,,5,paper,top1,5,10,2,10,inject_window,0.1,pod_network_delay_front-end_001,front-end,front-end,5,0.8263596690085251,front-end,"['front-end', 'orders-db', 'user-db']","['front-end', 'orders-db', 'user-db', 'session-db', 'catalogue-db']",True,True,True,0.5,0.5,20000
2026_03_13,metrics-latency_p95__fusion-single_metric__cand-pct-80-min-5__agg-mean__pc-0.1,latency_p95,single_metric,mean,percentile,,80.0,,5,paper,top1,5,10,2,10,inject_window,0.1,pod_network_delay_orders_001,orders,front-end,5,0.93415884199203,front-end,"['front-end', 'carts', 'session-db']","['front-end', 'carts', 'session-db', 'orders', 'rabbitmq']",False,False,True,0.5,0.5,20000
2026_03_13,metrics-latency_p95__fusion-single_metric__cand-pct-80-min-5__agg-mean__pc-0.1,latency_p95,single_metric,mean,percentile,,80.0,,5,paper,top1,5,10,2,10,inject_window,0.1,pod_network_delay_payment_001,payment,front-end,5,0.850287617999129,user,"['user', 'front-end', 'catalogue-db']","['user', 'front-end', 'catalogue-db', 'orders', 'rabbitmq']",False,False,False,0.5,0.5,20000
2026_03_13,metrics-latency_p95__fusion-single_metric__cand-pct-80-min-5__agg-mean__pc-0.1,latency_p95,single_metric,mean,percentile,,80.0,,5,paper,top1,5,10,2,10,inject_window,0.1,pod_network_delay_queue-master_001,queue-master,front-end,5,0.9010138680168892,orders,"['orders', 'carts', 'front-end']","['orders', 'carts', 'front-end', 'user', 'session-db']",False,False,False,0.5,0.5,20000
2026_03_13,metrics-latency_p95__fusion-single_metric__cand-pct-80-min-5__agg-mean__pc-0.1,latency_p95,single_metric,mean,percentile,,80.0,,5,paper,top1,5,10,2,10,inject_window,0.1,pod_network_delay_shipping_001,shipping,front-end,5,0.8683237269870006,carts,"['carts', 'user', 'catalogue-db']","['carts', 'user', 'catalogue-db', 'front-end', 'orders']",False,False,False,0.5,0.5,20000
2026_03_13,metrics-latency_p95__fusion-single_metric__cand-pct-80-min-5__agg-mean__pc-0.1,latency_p95,single_metric,mean,percentile,,80.0,,5,paper,top1,5,10,2,10,inject_window,0.1,pod_network_delay_user_001,user,front-end,5,0.8904062399815302,front-end,"['front-end', 'user', 'orders']","['front-end', 'user', 'orders', 'catalogue-db', 'orders-db']",False,True,True,0.5,0.5,20000
2026_03_13,metrics-latency_p95__fusion-single_metric__cand-pct-80-min-5__agg-mean__pc-0.1,latency_p95,single_metric,mean,percentile,,80.0,,5,paper,top1,5,10,2,10,inject_window,0.1,pod_network_loss_carts_001,carts,front-end,5,0.8876487759989686,front-end,"['front-end', 'user', 'orders']","['front-end', 'user', 'orders', 'catalogue-db', 'carts']",False,False,True,0.5,0.5,20000
2026_03_13,metrics-latency_p95__fusion-single_metric__cand-pct-80-min-5__agg-mean__pc-0.1,latency_p95,single_metric,mean,percentile,,80.0,,5,paper,top1,5,10,2,10,inject_window,0.1,pod_network_loss_catalogue_001,catalogue,front-end,4,0.8820355350035243,user,"['user', 'orders-db', 'user-db']","['user', 'orders-db', 'user-db', 'front-end']",False,False,False,0.5,0.5,20000
2026_03_13,metrics-latency_p95__fusion-single_metric__cand-pct-80-min-5__agg-mean__pc-0.1,latency_p95,single_metric,mean,percentile,,80.0,,5,paper,top1,5,10,2,10,inject_window,0.1,pod_network_loss_front-end_001,front-end,front-end,5,0.8985240420151968,orders,"['orders', 'front-end', 'orders-db']","['orders', 'front-end', 'orders-db', 'carts-db', 'catalogue']",False,True,True,0.5,0.5,20000
2026_03_13,metrics-latency_p95__fusion-single_metric__cand-pct-80-min-5__agg-mean__pc-0.1,latency_p95,single_metric,mean,percentile,,80.0,,5,paper,top1,5,10,2,10,inject_window,0.1,pod_network_loss_orders_001,orders,front-end,5,0.8779217489936855,front-end,"['front-end', 'user', 'carts']","['front-end', 'user', 'carts', 'orders-db', 'catalogue-db']",False,False,False,0.5,0.5,20000
2026_03_13,metrics-latency_p95__fusion-single_metric__cand-pct-80-min-5__agg-mean__pc-0.1,latency_p95,single_metric,mean,percentile,,80.0,,5,paper,top1,5,10,2,10,inject_window,0.1,pod_network_loss_payment_001,payment,front-end,5,0.8338450480077881,front-end,"['front-end', 'carts', 'catalogue-db']","['front-end', 'carts', 'catalogue-db', 'user', 'session-db']",False,False,False,0.5,0.5,20000
2026_03_13,metrics-latency_p95__fusion-single_metric__cand-pct-80-min-5__agg-mean__pc-0.1,latency_p95,single_metric,mean,percentile,,80.0,,5,paper,top1,5,10,2,10,inject_window,0.1,pod_network_loss_queue-master_001,queue-master,front-end,4,0.8531004090036731,front-end,"['front-end', 'orders', 'user-db']","['front-end', 'orders', 'user-db', 'user']",False,False,False,0.5,0.5,20000
2026_03_13,metrics-latency_p95__fusion-single_metric__cand-pct-80-min-5__agg-mean__pc-0.1,latency_p95,single_metric,mean,percentile,,80.0,,5,paper,top1,5,10,2,10,inject_window,0.1,pod_network_loss_shipping_001,shipping,front-end,4,0.8194834930181969,front-end,"['front-end', 'carts', 'user']","['front-end', 'carts', 'user', 'shipping']",False,False,True,0.5,0.5,20000
2026_03_13,metrics-latency_p95__fusion-single_metric__cand-pct-80-min-5__agg-mean__pc-0.1,latency_p95,single_metric,mean,percentile,,80.0,,5,paper,top1,5,10,2,10,inject_window,0.1,pod_network_loss_user_001,user,front-end,4,0.8129254640080035,front-end,"['front-end', 'user', 'orders-db']","['front-end', 'user', 'orders-db', 'orders']",False,True,True,0.5,0.5,20000
2026_03_13,metrics-latency_p95__fusion-single_metric__cand-pct-80-min-5__agg-mean__pc-0.1,latency_p95,single_metric,mean,percentile,,80.0,,5,paper,top1,5,10,2,10,inject_window,0.1,pod_network_partition_carts_001,carts,front-end,5,0.8400612940022256,user-db,"['user-db', 'front-end', 'carts-db']","['user-db', 'front-end', 'carts-db', 'orders', 'rabbitmq']",False,False,False,0.5,0.5,20000
2026_03_13,metrics-latency_p95__fusion-single_metric__cand-pct-80-min-5__agg-mean__pc-0.1,latency_p95,single_metric,mean,percentile,,80.0,,5,paper,top1,5,10,2,10,inject_window,0.1,pod_network_partition_catalogue_001,catalogue,front-end,4,0.8258540960086975,front-end,"['front-end', 'orders', 'carts']","['front-end', 'orders', 'carts', 'shipping']",False,False,False,0.5,0.5,20000
2026_03_13,metrics-latency_p95__fusion-single_metric__cand-pct-80-min-5__agg-mean__pc-0.1,latency_p95,single_metric,mean,percentile,,80.0,,5,paper,top1,5,10,2,10,inject_window,0.1,pod_network_partition_front-end_001,front-end,front-end,5,0.822054238000419,front-end,"['front-end', 'orders', 'user']","['front-end', 'orders', 'user', 'rabbitmq', 'catalogue']",True,True,True,0.5,0.5,20000
2026_03_13,metrics-latency_p95__fusion-single_metric__cand-pct-80-min-5__agg-mean__pc-0.1,latency_p95,single_metric,mean,percentile,,80.0,,5,paper,top1,5,10,2,10,inject_window,0.1,pod_network_partition_orders_001,orders,front-end,5,0.8780345419945661,front-end,"['front-end', 'rabbitmq', 'user-db']","['front-end', 'rabbitmq', 'user-db', 'user', 'catalogue']",False,False,False,0.5,0.5,20000
2026_03_13,metrics-latency_p95__fusion-single_metric__cand-pct-80-min-5__agg-mean__pc-0.1,latency_p95,single_metric,mean,percentile,,80.0,,5,paper,top1,5,10,2,10,inject_window,0.1,pod_network_partition_payment_001,payment,front-end,4,0.9271880220039748,front-end,"['front-end', 'carts', 'user']","['front-end', 'carts', 'user', 'rabbitmq']",False,False,False,0.5,0.5,20000
2026_03_13,metrics-latency_p95__fusion-single_metric__cand-pct-80-min-5__agg-mean__pc-0.1,latency_p95,single_metric,mean,percentile,,80.0,,5,paper,top1,5,10,2,10,inject_window,0.1,pod_network_partition_queue-master_001,queue-master,front-end,6,0.8514682390086818,front-end,"['front-end', 'user-db', 'orders-db']","['front-end', 'user-db', 'orders-db', 'orders', 'catalogue-db']",False,False,False,0.5,0.5,20000
2026_03_13,metrics-latency_p95__fusion-single_metric__cand-pct-80-min-5__agg-mean__pc-0.1,latency_p95,single_metric,mean,percentile,,80.0,,5,paper,top1,5,10,2,10,inject_window,0.1,pod_network_partition_shipping_001,shipping,front-end,5,0.8824664799903985,carts,"['carts', 'front-end', 'catalogue-db']","['carts', 'front-end', 'catalogue-db', 'catalogue', 'orders']",False,False,False,0.5,0.5,20000
2026_03_13,metrics-latency_p95__fusion-single_metric__cand-pct-80-min-5__agg-mean__pc-0.1,latency_p95,single_metric,mean,percentile,,80.0,,5,paper,top1,5,10,2,10,inject_window,0.1,pod_network_partition_user_001,user,front-end,4,0.8405182540009264,user,"['user', 'front-end', 'session-db']","['user', 'front-end', 'session-db', 'orders-db']",True,True,True,0.5,0.5,20000
2026_03_14,metrics-latency_p95__fusion-single_metric__cand-pct-80-min-5__agg-mean__pc-0.1,latency_p95,single_metric,mean,percentile,,80.0,,5,paper,top1,5,10,2,10,inject_window,0.1,pod_cpu_hog_carts-db_001,carts-db,front-end,4,1.0269701630168129,front-end,"['front-end', 'session-db', 'orders-db']","['front-end', 'session-db', 'orders-db', 'queue-master']",False,False,False,0.5,0.5,20000
2026_03_14,metrics-latency_p95__fusion-single_metric__cand-pct-80-min-5__agg-mean__pc-0.1,latency_p95,single_metric,mean,percentile,,80.0,,5,paper,top1,5,10,2,10,inject_window,0.1,pod_cpu_hog_carts_001,carts,front-end,4,1.1026164290087763,orders,"['orders', 'catalogue', 'front-end']","['orders', 'catalogue', 'front-end', 'session-db']",False,False,False,0.5,0.5,20000
2026_03_14,metrics-latency_p95__fusion-single_metric__cand-pct-80-min-5__agg-mean__pc-0.1,latency_p95,single_metric,mean,percentile,,80.0,,5,paper,top1,5,10,2,10,inject_window,0.1,pod_cpu_hog_catalogue-db_001,catalogue-db,front-end,5,0.8663109820045065,catalogue,"['catalogue', 'front-end', 'user']","['catalogue', 'front-end', 'user', 'queue-master', 'rabbitmq']",False,False,False,0.5,0.5,20000
2026_03_14,metrics-latency_p95__fusion-single_metric__cand-pct-80-min-5__agg-mean__pc-0.1,latency_p95,single_metric,mean,percentile,,80.0,,5,paper,top1,5,10,2,10,inject_window,0.1,pod_cpu_hog_catalogue_001,catalogue,front-end,5,1.3454846540116705,front-end,"['front-end', 'catalogue', 'carts']","['front-end', 'catalogue', 'carts', 'queue-master', 'shipping']",False,True,True,0.5,0.5,20000
2026_03_14,metrics-latency_p95__fusion-single_metric__cand-pct-80-min-5__agg-mean__pc-0.1,latency_p95,single_metric,mean,percentile,,80.0,,5,paper,top1,5,10,2,10,inject_window,0.1,pod_cpu_hog_front-end_001,front-end,front-end,5,0.888854048011126,user-db,"['user-db', 'user', 'orders-db']","['user-db', 'user', 'orders-db', 'front-end', 'queue-master']",False,False,True,0.5,0.5,20000
2026_03_14,metrics-latency_p95__fusion-single_metric__cand-pct-80-min-5__agg-mean__pc-0.1,latency_p95,single_metric,mean,percentile,,80.0,,5,paper,top1,5,10,2,10,inject_window,0.1,pod_cpu_hog_orders-db_001,orders-db,front-end,6,0.9129887309973128,front-end,"['front-end', 'carts', 'catalogue']","['front-end', 'carts', 'catalogue', 'orders', 'user']",False,False,False,0.5,0.5,20000
2026_03_14,metrics-latency_p95__fusion-single_metric__cand-pct-80-min-5__agg-mean__pc-0.1,latency_p95,single_metric,mean,percentile,,80.0,,5,paper,top1,5,10,2,10,inject_window,0.1,pod_cpu_hog_orders_001,orders,front-end,6,1.1849200679862406,catalogue-db,"['catalogue-db', 'front-end', 'carts']","['catalogue-db', 'front-end', 'carts', 'shipping', 'user']",False,False,False,0.5,0.5,20000
2026_03_14,metrics-latency_p95__fusion-single_metric__cand-pct-80-min-5__agg-mean__pc-0.1,latency_p95,single_metric,mean,percentile,,80.0,,5,paper,top1,5,10,2,10,inject_window,0.1,pod_cpu_hog_payment_001,payment,front-end,6,0.8778403820178937,shipping,"['shipping', 'front-end', 'orders']","['shipping', 'front-end', 'orders', 'catalogue-db', 'user-db']",False,False,False,0.5,0.5,20000
2026_03_14,metrics-latency_p95__fusion-single_metric__cand-pct-80-min-5__agg-mean__pc-0.1,latency_p95,single_metric,mean,percentile,,80.0,,5,paper,top1,5,10,2,10,inject_window,0.1,pod_cpu_hog_queue-master_001,queue-master,front-end,4,1.0282669849984811,front-end,"['front-end', 'carts', 'session-db']","['front-end', 'carts', 'session-db', 'orders']",False,False,False,0.5,0.5,20000
2026_03_14,metrics-latency_p95__fusion-single_metric__cand-pct-80-min-5__agg-mean__pc-0.1,latency_p95,single_metric,mean,percentile,,80.0,,5,paper,top1,5,10,2,10,inject_window,0.1,pod_cpu_hog_rabbitmq_001,rabbitmq,front-end,6,0.868308695993619,user,"['user', 'orders', 'front-end']","['user', 'orders', 'front-end', 'session-db', 'queue-master']",False,False,False,0.5,0.5,20000
2026_03_14,metrics-latency_p95__fusion-single_metric__cand-pct-80-min-5__agg-mean__pc-0.1,latency_p95,single_metric,mean,percentile,,80.0,,5,paper,top1,5,10,2,10,inject_window,0.1,pod_cpu_hog_session-db_001,session-db,front-end,4,0.8312624800018966,user,"['user', 'catalogue', 'queue-master']","['user', 'catalogue', 'queue-master', 'front-end']",False,False,False,0.5,0.5,20000
2026_03_14,metrics-latency_p95__fusion-single_metric__cand-pct-80-min-5__agg-mean__pc-0.1,latency_p95,single_metric,mean,percentile,,80.0,,5,paper,top1,5,10,2,10,inject_window,0.1,pod_cpu_hog_shipping_001,shipping,front-end,6,0.8844996749830898,catalogue-db,"['catalogue-db', 'user', 'orders']","['catalogue-db', 'user', 'orders', 'catalogue', 'user-db']",False,False,False,0.5,0.5,20000
2026_03_14,metrics-latency_p95__fusion-single_metric__cand-pct-80-min-5__agg-mean__pc-0.1,latency_p95,single_metric,mean,percentile,,80.0,,5,paper,top1,5,10,2,10,inject_window,0.1,pod_cpu_hog_user-db_001,user-db,front-end,6,0.916561419988284,front-end,"['front-end', 'carts', 'session-db']","['front-end', 'carts', 'session-db', 'user', 'queue-master']",False,False,False,0.5,0.5,20000
2026_03_14,metrics-latency_p95__fusion-single_metric__cand-pct-80-min-5__agg-mean__pc-0.1,latency_p95,single_metric,mean,percentile,,80.0,,5,paper,top1,5,10,2,10,inject_window,0.1,pod_cpu_hog_user_001,user,front-end,5,0.8623482750263065,catalogue,"['catalogue', 'front-end', 'carts-db']","['catalogue', 'front-end', 'carts-db', 'orders', 'queue-master']",False,False,False,0.5,0.5,20000
2026_03_14,metrics-latency_p95__fusion-single_metric__cand-pct-80-min-5__agg-mean__pc-0.1,latency_p95,single_metric,mean,percentile,,80.0,,5,paper,top1,5,10,2,10,inject_window,0.1,pod_do_fault_carts-db_001,carts-db,front-end,4,1.0981844420020934,front-end,"['front-end', 'orders', 'carts']","['front-end', 'orders', 'carts', 'user']",False,False,False,0.5,0.5,20000
2026_03_14,metrics-latency_p95__fusion-single_metric__cand-pct-80-min-5__agg-mean__pc-0.1,latency_p95,single_metric,mean,percentile,,80.0,,5,paper,top1,5,10,2,10,inject_window,0.1,pod_do_fault_carts_001,carts,front-end,4,0.8584990259842016,user,"['user', 'queue-master', 'front-end']","['user', 'queue-master', 'front-end', 'orders']",False,False,False,0.5,0.5,20000
2026_03_14,metrics-latency_p95__fusion-single_metric__cand-pct-80-min-5__agg-mean__pc-0.1,latency_p95,single_metric,mean,percentile,,80.0,,5,paper,top1,5,10,2,10,inject_window,0.1,pod_do_fault_catalogue-db_001,catalogue-db,front-end,5,0.8660010900057387,user,"['user', 'shipping', 'front-end']","['user', 'shipping', 'front-end', 'carts', 'orders']",False,False,False,0.5,0.5,20000
2026_03_14,metrics-latency_p95__fusion-single_metric__cand-pct-80-min-5__agg-mean__pc-0.1,latency_p95,single_metric,mean,percentile,,80.0,,5,paper,top1,5,10,2,10,inject_window,0.1,pod_do_fault_catalogue_001,catalogue,front-end,6,0.9275792489934248,front-end,"['front-end', 'carts', 'orders']","['front-end', 'carts', 'orders', 'carts-db', 'catalogue']",False,False,True,0.5,0.5,20000
2026_03_14,metrics-latency_p95__fusion-single_metric__cand-pct-80-min-5__agg-mean__pc-0.1,latency_p95,single_metric,mean,percentile,,80.0,,5,paper,top1,5,10,2,10,inject_window,0.1,pod_do_fault_front-end_001,front-end,front-end,5,0.9162058679794428,front-end,"['front-end', 'carts-db', 'user']","['front-end', 'carts-db', 'user', 'catalogue', 'queue-master']",True,True,True,0.5,0.5,20000
2026_03_14,metrics-latency_p95__fusion-single_metric__cand-pct-80-min-5__agg-mean__pc-0.1,latency_p95,single_metric,mean,percentile,,80.0,,5,paper,top1,5,10,2,10,inject_window,0.1,pod_do_fault_orders-db_001,orders-db,front-end,4,1.0696098480257206,orders,"['orders', 'front-end', 'carts']","['orders', 'front-end', 'carts', 'user']",False,False,False,0.5,0.5,20000
2026_03_14,metrics-latency_p95__fusion-single_metric__cand-pct-80-min-5__agg-mean__pc-0.1,latency_p95,single_metric,mean,percentile,,80.0,,5,paper,top1,5,10,2,10,inject_window,0.1,pod_do_fault_orders_001,orders,front-end,5,0.8760180670069531,carts-db,"['carts-db', 'user-db', 'catalogue']","['carts-db', 'user-db', 'catalogue', 'front-end', 'payment']",False,False,False,0.5,0.5,20000
2026_03_14,metrics-latency_p95__fusion-single_metric__cand-pct-80-min-5__agg-mean__pc-0.1,latency_p95,single_metric,mean,percentile,,80.0,,5,paper,top1,5,10,2,10,inject_window,0.1,pod_do_fault_payment_001,payment,front-end,6,0.8887109169736505,orders,"['orders', 'catalogue-db', 'user-db']","['orders', 'catalogue-db', 'user-db', 'user', 'front-end']",False,False,False,0.5,0.5,20000
2026_03_14,metrics-latency_p95__fusion-single_metric__cand-pct-80-min-5__agg-mean__pc-0.1,latency_p95,single_metric,mean,percentile,,80.0,,5,paper,top1,5,10,2,10,inject_window,0.1,pod_do_fault_queue-master_001,queue-master,front-end,6,1.0534247970208526,catalogue-db,"['catalogue-db', 'user', 'orders']","['catalogue-db', 'user', 'orders', 'front-end', 'shipping']",False,False,False,0.5,0.5,20000
2026_03_14,metrics-latency_p95__fusion-single_metric__cand-pct-80-min-5__agg-mean__pc-0.1,latency_p95,single_metric,mean,percentile,,80.0,,5,paper,top1,5,10,2,10,inject_window,0.1,pod_do_fault_shipping_001,shipping,front-end,6,0.9163537330168764,front-end,"['front-end', 'catalogue', 'carts-db']","['front-end', 'catalogue', 'carts-db', 'queue-master', 'orders']",False,False,False,0.5,0.5,20000
2026_03_14,metrics-latency_p95__fusion-single_metric__cand-pct-80-min-5__agg-mean__pc-0.1,latency_p95,single_metric,mean,percentile,,80.0,,5,paper,top1,5,10,2,10,inject_window,0.1,pod_do_fault_user-db_001,user-db,front-end,6,0.88437256400357,user,"['user', 'front-end', 'carts']","['user', 'front-end', 'carts', 'catalogue', 'shipping']",False,False,False,0.5,0.5,20000
2026_03_14,metrics-latency_p95__fusion-single_metric__cand-pct-80-min-5__agg-mean__pc-0.1,latency_p95,single_metric,mean,percentile,,80.0,,5,paper,top1,5,10,2,10,inject_window,0.1,pod_do_fault_user_001,user,front-end,6,0.8851138470054138,orders,"['orders', 'front-end', 'carts-db']","['orders', 'front-end', 'carts-db', 'carts', 'orders-db']",False,False,False,0.5,0.5,20000
2026_03_14,metrics-latency_p95__fusion-single_metric__cand-pct-80-min-5__agg-mean__pc-0.1,latency_p95,single_metric,mean,percentile,,80.0,,5,paper,top1,5,10,2,10,inject_window,0.1,pod_io_fault_carts-db_001,carts-db,front-end,5,0.8555486990080681,front-end,"['front-end', 'orders', 'carts']","['front-end', 'orders', 'carts', 'user', 'queue-master']",False,False,False,0.5,0.5,20000
2026_03_14,metrics-latency_p95__fusion-single_metric__cand-pct-80-min-5__agg-mean__pc-0.1,latency_p95,single_metric,mean,percentile,,80.0,,5,paper,top1,5,10,2,10,inject_window,0.1,pod_io_fault_orders-db_001,orders-db,front-end,5,0.877471081999829,front-end,"['front-end', 'catalogue', 'user']","['front-end', 'catalogue', 'user', 'session-db', 'orders']",False,False,False,0.5,0.5,20000
2026_03_14,metrics-latency_p95__fusion-single_metric__cand-pct-80-min-5__agg-mean__pc-0.1,latency_p95,single_metric,mean,percentile,,80.0,,5,paper,top1,5,10,2,10,inject_window,0.1,pod_io_fault_user-db_001,user-db,front-end,5,0.8919082120119128,catalogue,"['catalogue', 'front-end', 'carts']","['catalogue', 'front-end', 'carts', 'orders', 'user']",False,False,False,0.5,0.5,20000
2026_03_14,metrics-latency_p95__fusion-single_metric__cand-pct-80-min-5__agg-mean__pc-0.1,latency_p95,single_metric,mean,percentile,,80.0,,5,paper,top1,5,10,2,10,inject_window,0.1,pod_java_exception_carts_001,carts,front-end,3,0.8155293719901238,orders,"['orders', 'front-end', 'carts']","['orders', 'front-end', 'carts']",False,True,True,0.5,0.5,20000
2026_03_14,metrics-latency_p95__fusion-single_metric__cand-pct-80-min-5__agg-mean__pc-0.1,latency_p95,single_metric,mean,percentile,,80.0,,5,paper,top1,5,10,2,10,inject_window,0.1,pod_java_exception_orders_001,orders,front-end,6,0.870228860003408,front-end,"['front-end', 'orders-db', 'catalogue-db']","['front-end', 'orders-db', 'catalogue-db', 'user-db', 'shipping']",False,False,False,0.5,0.5,20000
2026_03_14,metrics-latency_p95__fusion-single_metric__cand-pct-80-min-5__agg-mean__pc-0.1,latency_p95,single_metric,mean,percentile,,80.0,,5,paper,top1,5,10,2,10,inject_window,0.1,pod_java_exception_shipping_001,shipping,front-end,5,0.8806845039944164,front-end,"['front-end', 'orders', 'carts']","['front-end', 'orders', 'carts', 'user', 'shipping']",False,False,True,0.5,0.5,20000
2026_03_14,metrics-latency_p95__fusion-single_metric__cand-pct-80-min-5__agg-mean__pc-0.1,latency_p95,single_metric,mean,percentile,,80.0,,5,paper,top1,5,10,2,10,inject_window,0.1,pod_memory_hog_carts_001,carts,front-end,6,0.9214913380274083,front-end,"['front-end', 'carts-db', 'user-db']","['front-end', 'carts-db', 'user-db', 'carts', 'session-db']",False,False,True,0.5,0.5,20000
2026_03_14,metrics-latency_p95__fusion-single_metric__cand-pct-80-min-5__agg-mean__pc-0.1,latency_p95,single_metric,mean,percentile,,80.0,,5,paper,top1,5,10,2,10,inject_window,0.1,pod_memory_hog_catalogue_001,catalogue,front-end,6,0.8824735399975907,front-end,"['front-end', 'orders', 'catalogue']","['front-end', 'orders', 'catalogue', 'user', 'queue-master']",False,True,True,0.5,0.5,20000
2026_03_14,metrics-latency_p95__fusion-single_metric__cand-pct-80-min-5__agg-mean__pc-0.1,latency_p95,single_metric,mean,percentile,,80.0,,5,paper,top1,5,10,2,10,inject_window,0.1,pod_memory_hog_front-end_001,front-end,front-end,5,0.8877633239899296,front-end,"['front-end', 'user', 'orders']","['front-end', 'user', 'orders', 'carts', 'session-db']",True,True,True,0.5,0.5,20000
2026_03_14,metrics-latency_p95__fusion-single_metric__cand-pct-80-min-5__agg-mean__pc-0.1,latency_p95,single_metric,mean,percentile,,80.0,,5,paper,top1,5,10,2,10,inject_window,0.1,pod_memory_hog_orders_001,orders,front-end,5,0.8588767290057149,carts,"['carts', 'queue-master', 'front-end']","['carts', 'queue-master', 'front-end', 'catalogue-db', 'catalogue']",False,False,False,0.5,0.5,20000
2026_03_14,metrics-latency_p95__fusion-single_metric__cand-pct-80-min-5__agg-mean__pc-0.1,latency_p95,single_metric,mean,percentile,,80.0,,5,paper,top1,5,10,2,10,inject_window,0.1,pod_memory_hog_payment_001,payment,front-end,6,0.8526253610034473,catalogue,"['catalogue', 'front-end', 'user']","['catalogue', 'front-end', 'user', 'queue-master', 'user-db']",False,False,False,0.5,0.5,20000
2026_03_14,metrics-latency_p95__fusion-single_metric__cand-pct-80-min-5__agg-mean__pc-0.1,latency_p95,single_metric,mean,percentile,,80.0,,5,paper,top1,5,10,2,10,inject_window,0.1,pod_memory_hog_queue-master_001,queue-master,front-end,6,1.1185226069937926,catalogue,"['catalogue', 'carts', 'front-end']","['catalogue', 'carts', 'front-end', 'user', 'orders']",False,False,False,0.5,0.5,20000
2026_03_14,metrics-latency_p95__fusion-single_metric__cand-pct-80-min-5__agg-mean__pc-0.1,latency_p95,single_metric,mean,percentile,,80.0,,5,paper,top1,5,10,2,10,inject_window,0.1,pod_memory_hog_shipping_001,shipping,front-end,5,0.8751448790135328,front-end,"['front-end', 'orders', 'user']","['front-end', 'orders', 'user', 'user-db', 'catalogue-db']",False,False,False,0.5,0.5,20000
2026_03_14,metrics-latency_p95__fusion-single_metric__cand-pct-80-min-5__agg-mean__pc-0.1,latency_p95,single_metric,mean,percentile,,80.0,,5,paper,top1,5,10,2,10,inject_window,0.1,pod_memory_hog_user_001,user,front-end,6,0.8936012639896944,catalogue,"['catalogue', 'front-end', 'orders']","['catalogue', 'front-end', 'orders', 'carts', 'shipping']",False,False,False,0.5,0.5,20000
2026_03_14,metrics-latency_p95__fusion-single_metric__cand-pct-80-min-5__agg-mean__pc-0.1,latency_p95,single_metric,mean,percentile,,80.0,,5,paper,top1,5,10,2,10,inject_window,0.1,pod_network_delay_carts_001,carts,front-end,3,0.8623130659980234,front-end,"['front-end', 'carts', 'orders']","['front-end', 'carts', 'orders']",False,True,True,0.5,0.5,20000
2026_03_14,metrics-latency_p95__fusion-single_metric__cand-pct-80-min-5__agg-mean__pc-0.1,latency_p95,single_metric,mean,percentile,,80.0,,5,paper,top1,5,10,2,10,inject_window,0.1,pod_network_delay_catalogue_001,catalogue,front-end,5,0.8784902319894172,catalogue,"['catalogue', 'front-end', 'carts-db']","['catalogue', 'front-end', 'carts-db', 'carts', 'orders']",True,True,True,0.5,0.5,20000
2026_03_14,metrics-latency_p95__fusion-single_metric__cand-pct-80-min-5__agg-mean__pc-0.1,latency_p95,single_metric,mean,percentile,,80.0,,5,paper,top1,5,10,2,10,inject_window,0.1,pod_network_delay_front-end_001,front-end,front-end,6,0.8387009529978968,user,"['user', 'front-end', 'carts']","['user', 'front-end', 'carts', 'user-db', 'queue-master']",False,True,True,0.5,0.5,20000
2026_03_14,metrics-latency_p95__fusion-single_metric__cand-pct-80-min-5__agg-mean__pc-0.1,latency_p95,single_metric,mean,percentile,,80.0,,5,paper,top1,5,10,2,10,inject_window,0.1,pod_network_delay_orders_001,orders,front-end,5,0.8641055700136349,payment,"['payment', 'front-end', 'catalogue']","['payment', 'front-end', 'catalogue', 'queue-master', 'user']",False,False,False,0.5,0.5,20000
2026_03_14,metrics-latency_p95__fusion-single_metric__cand-pct-80-min-5__agg-mean__pc-0.1,latency_p95,single_metric,mean,percentile,,80.0,,5,paper,top1,5,10,2,10,inject_window,0.1,pod_network_delay_payment_001,payment,front-end,6,0.8807114060036838,shipping,"['shipping', 'front-end', 'rabbitmq']","['shipping', 'front-end', 'rabbitmq', 'user', 'orders']",False,False,False,0.5,0.5,20000
2026_03_14,metrics-latency_p95__fusion-single_metric__cand-pct-80-min-5__agg-mean__pc-0.1,latency_p95,single_metric,mean,percentile,,80.0,,5,paper,top1,5,10,2,10,inject_window,0.1,pod_network_delay_queue-master_001,queue-master,front-end,6,0.9052446440036874,front-end,"['front-end', 'carts', 'shipping']","['front-end', 'carts', 'shipping', 'session-db', 'orders']",False,False,False,0.5,0.5,20000
2026_03_14,metrics-latency_p95__fusion-single_metric__cand-pct-80-min-5__agg-mean__pc-0.1,latency_p95,single_metric,mean,percentile,,80.0,,5,paper,top1,5,10,2,10,inject_window,0.1,pod_network_delay_shipping_001,shipping,front-end,6,0.8968170339940116,orders-db,"['orders-db', 'session-db', 'carts-db']","['orders-db', 'session-db', 'carts-db', 'front-end', 'orders']",False,False,False,0.5,0.5,20000
2026_03_14,metrics-latency_p95__fusion-single_metric__cand-pct-80-min-5__agg-mean__pc-0.1,latency_p95,single_metric,mean,percentile,,80.0,,5,paper,top1,5,10,2,10,inject_window,0.1,pod_network_delay_user_001,user,front-end,3,0.9137113709875848,front-end,"['front-end', 'orders', 'user']","['front-end', 'orders', 'user']",False,True,True,0.5,0.5,20000
2026_03_14,metrics-latency_p95__fusion-single_metric__cand-pct-80-min-5__agg-mean__pc-0.1,latency_p95,single_metric,mean,percentile,,80.0,,5,paper,top1,5,10,2,10,inject_window,0.1,pod_network_loss_carts_001,carts,front-end,6,0.8888321690028533,front-end,"['front-end', 'carts', 'orders']","['front-end', 'carts', 'orders', 'user', 'rabbitmq']",False,True,True,0.5,0.5,20000
2026_03_14,metrics-latency_p95__fusion-single_metric__cand-pct-80-min-5__agg-mean__pc-0.1,latency_p95,single_metric,mean,percentile,,80.0,,5,paper,top1,5,10,2,10,inject_window,0.1,pod_network_loss_catalogue_001,catalogue,front-end,4,0.8979073920054361,carts-db,"['carts-db', 'catalogue-db', 'user-db']","['carts-db', 'catalogue-db', 'user-db', 'front-end']",False,False,False,0.5,0.5,20000
2026_03_14,metrics-latency_p95__fusion-single_metric__cand-pct-80-min-5__agg-mean__pc-0.1,latency_p95,single_metric,mean,percentile,,80.0,,5,paper,top1,5,10,2,10,inject_window,0.1,pod_network_loss_front-end_001,front-end,front-end,6,0.9242481830006,user-db,"['user-db', 'front-end', 'user']","['user-db', 'front-end', 'user', 'catalogue-db', 'orders-db']",False,True,True,0.5,0.5,20000
2026_03_14,metrics-latency_p95__fusion-single_metric__cand-pct-80-min-5__agg-mean__pc-0.1,latency_p95,single_metric,mean,percentile,,80.0,,5,paper,top1,5,10,2,10,inject_window,0.1,pod_network_loss_orders_001,orders,front-end,5,0.8377683679864276,front-end,"['front-end', 'carts', 'catalogue']","['front-end', 'carts', 'catalogue', 'user-db', 'orders']",False,False,True,0.5,0.5,20000
2026_03_14,metrics-latency_p95__fusion-single_metric__cand-pct-80-min-5__agg-mean__pc-0.1,latency_p95,single_metric,mean,percentile,,80.0,,5,paper,top1,5,10,2,10,inject_window,0.1,pod_network_loss_payment_001,payment,front-end,5,0.8977185990079306,catalogue,"['catalogue', 'front-end', 'catalogue-db']","['catalogue', 'front-end', 'catalogue-db', 'user-db', 'orders']",False,False,False,0.5,0.5,20000
2026_03_14,metrics-latency_p95__fusion-single_metric__cand-pct-80-min-5__agg-mean__pc-0.1,latency_p95,single_metric,mean,percentile,,80.0,,5,paper,top1,5,10,2,10,inject_window,0.1,pod_network_loss_queue-master_001,queue-master,front-end,5,0.877933928015409,catalogue,"['catalogue', 'front-end', 'carts']","['catalogue', 'front-end', 'carts', 'shipping', 'rabbitmq']",False,False,False,0.5,0.5,20000
2026_03_14,metrics-latency_p95__fusion-single_metric__cand-pct-80-min-5__agg-mean__pc-0.1,latency_p95,single_metric,mean,percentile,,80.0,,5,paper,top1,5,10,2,10,inject_window,0.1,pod_network_loss_shipping_001,shipping,front-end,6,0.893113922997145,front-end,"['front-end', 'catalogue', 'user']","['front-end', 'catalogue', 'user', 'orders', 'carts']",False,False,False,0.5,0.5,20000
2026_03_14,metrics-latency_p95__fusion-single_metric__cand-pct-80-min-5__agg-mean__pc-0.1,latency_p95,single_metric,mean,percentile,,80.0,,5,paper,top1,5,10,2,10,inject_window,0.1,pod_network_loss_user_001,user,front-end,6,0.8538979369914159,carts-db,"['carts-db', 'front-end', 'session-db']","['carts-db', 'front-end', 'session-db', 'queue-master', 'user']",False,False,True,0.5,0.5,20000
2026_03_14,metrics-latency_p95__fusion-single_metric__cand-pct-80-min-5__agg-mean__pc-0.1,latency_p95,single_metric,mean,percentile,,80.0,,5,paper,top1,5,10,2,10,inject_window,0.1,pod_network_partition_carts_001,carts,front-end,4,0.8830206870043185,orders,"['orders', 'front-end', 'queue-master']","['orders', 'front-end', 'queue-master', 'session-db']",False,False,False,0.5,0.5,20000
2026_03_14,metrics-latency_p95__fusion-single_metric__cand-pct-80-min-5__agg-mean__pc-0.1,latency_p95,single_metric,mean,percentile,,80.0,,5,paper,top1,5,10,2,10,inject_window,0.1,pod_network_partition_catalogue_001,catalogue,front-end,5,0.8322998350195121,front-end,"['front-end', 'queue-master', 'user']","['front-end', 'queue-master', 'user', 'orders', 'session-db']",False,False,False,0.5,0.5,20000
2026_03_14,metrics-latency_p95__fusion-single_metric__cand-pct-80-min-5__agg-mean__pc-0.1,latency_p95,single_metric,mean,percentile,,80.0,,5,paper,top1,5,10,2,10,inject_window,0.1,pod_network_partition_front-end_001,front-end,front-end,4,0.8474800619878806,catalogue,"['catalogue', 'carts', 'front-end']","['catalogue', 'carts', 'front-end', 'catalogue-db']",False,True,True,0.5,0.5,20000
2026_03_14,metrics-latency_p95__fusion-single_metric__cand-pct-80-min-5__agg-mean__pc-0.1,latency_p95,single_metric,mean,percentile,,80.0,,5,paper,top1,5,10,2,10,inject_window,0.1,pod_network_partition_orders_001,orders,front-end,3,0.8614496380032506,front-end,"['front-end', 'user', 'orders']","['front-end', 'user', 'orders']",False,True,True,0.5,0.5,20000
2026_03_14,metrics-latency_p95__fusion-single_metric__cand-pct-80-min-5__agg-mean__pc-0.1,latency_p95,single_metric,mean,percentile,,80.0,,5,paper,top1,5,10,2,10,inject_window,0.1,pod_network_partition_payment_001,payment,front-end,4,0.805854467995232,carts,"['carts', 'front-end', 'session-db']","['carts', 'front-end', 'session-db', 'user']",False,False,False,0.5,0.5,20000
2026_03_14,metrics-latency_p95__fusion-single_metric__cand-pct-80-min-5__agg-mean__pc-0.1,latency_p95,single_metric,mean,percentile,,80.0,,5,paper,top1,5,10,2,10,inject_window,0.1,pod_network_partition_queue-master_001,queue-master,front-end,5,0.8436632000084501,carts,"['carts', 'front-end', 'catalogue']","['carts', 'front-end', 'catalogue', 'session-db', 'queue-master']",False,False,True,0.5,0.5,20000
2026_03_14,metrics-latency_p95__fusion-single_metric__cand-pct-80-min-5__agg-mean__pc-0.1,latency_p95,single_metric,mean,percentile,,80.0,,5,paper,top1,5,10,2,10,inject_window,0.1,pod_network_partition_shipping_001,shipping,front-end,3,0.8622591200110037,front-end,"['front-end', 'orders', 'carts-db']","['front-end', 'orders', 'carts-db']",False,False,False,0.5,0.5,20000
2026_03_14,metrics-latency_p95__fusion-single_metric__cand-pct-80-min-5__agg-mean__pc-0.1,latency_p95,single_metric,mean,percentile,,80.0,,5,paper,top1,5,10,2,10,inject_window,0.1,pod_network_partition_user_001,user,front-end,3,0.79978619798203,front-end,"['front-end', 'orders', 'rabbitmq']","['front-end', 'orders', 'rabbitmq']",False,False,False,0.5,0.5,20000
2026_03_17,metrics-latency_p95__fusion-single_metric__cand-pct-80-min-5__agg-mean__pc-0.1,latency_p95,single_metric,mean,percentile,,80.0,,5,paper,top1,5,10,2,10,inject_window,0.1,pod_cpu_hog_carts-db_001,carts-db,front-end,6,1.1292937239923049,front-end,"['front-end', 'user', 'session-db']","['front-end', 'user', 'session-db', 'queue-master', 'orders']",False,False,False,0.5,0.5,20000
2026_03_17,metrics-latency_p95__fusion-single_metric__cand-pct-80-min-5__agg-mean__pc-0.1,latency_p95,single_metric,mean,percentile,,80.0,,5,paper,top1,5,10,2,10,inject_window,0.1,pod_cpu_hog_carts_001,carts,front-end,6,1.1067567559948657,carts,"['carts', 'front-end', 'orders-db']","['carts', 'front-end', 'orders-db', 'user', 'session-db']",True,True,True,0.5,0.5,20000
2026_03_17,metrics-latency_p95__fusion-single_metric__cand-pct-80-min-5__agg-mean__pc-0.1,latency_p95,single_metric,mean,percentile,,80.0,,5,paper,top1,5,10,2,10,inject_window,0.1,pod_cpu_hog_catalogue-db_001,catalogue-db,front-end,5,0.8978411910065915,carts,"['carts', 'orders-db', 'orders']","['carts', 'orders-db', 'orders', 'front-end', 'catalogue-db']",False,False,True,0.5,0.5,20000
2026_03_17,metrics-latency_p95__fusion-single_metric__cand-pct-80-min-5__agg-mean__pc-0.1,latency_p95,single_metric,mean,percentile,,80.0,,5,paper,top1,5,10,2,10,inject_window,0.1,pod_cpu_hog_catalogue_001,catalogue,front-end,4,0.8308082990115508,front-end,"['front-end', 'catalogue-db', 'user']","['front-end', 'catalogue-db', 'user', 'carts-db']",False,False,False,0.5,0.5,20000
2026_03_17,metrics-latency_p95__fusion-single_metric__cand-pct-80-min-5__agg-mean__pc-0.1,latency_p95,single_metric,mean,percentile,,80.0,,5,paper,top1,5,10,2,10,inject_window,0.1,pod_cpu_hog_front-end_001,front-end,front-end,5,0.8811883559974376,user,"['user', 'front-end', 'queue-master']","['user', 'front-end', 'queue-master', 'rabbitmq', 'catalogue-db']",False,True,True,0.5,0.5,20000
2026_03_17,metrics-latency_p95__fusion-single_metric__cand-pct-80-min-5__agg-mean__pc-0.1,latency_p95,single_metric,mean,percentile,,80.0,,5,paper,top1,5,10,2,10,inject_window,0.1,pod_cpu_hog_orders-db_001,orders-db,front-end,5,1.0959357700194232,orders,"['orders', 'carts', 'front-end']","['orders', 'carts', 'front-end', 'orders-db', 'catalogue-db']",False,False,True,0.5,0.5,20000
2026_03_17,metrics-latency_p95__fusion-single_metric__cand-pct-80-min-5__agg-mean__pc-0.1,latency_p95,single_metric,mean,percentile,,80.0,,5,paper,top1,5,10,2,10,inject_window,0.1,pod_cpu_hog_orders_001,orders,front-end,6,1.0979577520047314,session-db,"['session-db', 'orders', 'carts-db']","['session-db', 'orders', 'carts-db', 'carts', 'orders-db']",False,True,True,0.5,0.5,20000
2026_03_17,metrics-latency_p95__fusion-single_metric__cand-pct-80-min-5__agg-mean__pc-0.1,latency_p95,single_metric,mean,percentile,,80.0,,5,paper,top1,5,10,2,10,inject_window,0.1,pod_cpu_hog_payment_001,payment,front-end,5,0.8380502249929123,catalogue-db,"['catalogue-db', 'carts-db', 'queue-master']","['catalogue-db', 'carts-db', 'queue-master', 'front-end', 'orders']",False,False,False,0.5,0.5,20000
2026_03_17,metrics-latency_p95__fusion-single_metric__cand-pct-80-min-5__agg-mean__pc-0.1,latency_p95,single_metric,mean,percentile,,80.0,,5,paper,top1,5,10,2,10,inject_window,0.1,pod_cpu_hog_queue-master_001,queue-master,front-end,5,1.067920929985121,front-end,"['front-end', 'catalogue-db', 'orders-db']","['front-end', 'catalogue-db', 'orders-db', 'queue-master', 'user']",False,False,True,0.5,0.5,20000
2026_03_17,metrics-latency_p95__fusion-single_metric__cand-pct-80-min-5__agg-mean__pc-0.1,latency_p95,single_metric,mean,percentile,,80.0,,5,paper,top1,5,10,2,10,inject_window,0.1,pod_cpu_hog_rabbitmq_001,rabbitmq,front-end,4,0.9166392970073504,orders-db,"['orders-db', 'front-end', 'catalogue-db']","['orders-db', 'front-end', 'catalogue-db', 'carts-db']",False,False,False,0.5,0.5,20000
2026_03_17,metrics-latency_p95__fusion-single_metric__cand-pct-80-min-5__agg-mean__pc-0.1,latency_p95,single_metric,mean,percentile,,80.0,,5,paper,top1,5,10,2,10,inject_window,0.1,pod_cpu_hog_session-db_001,session-db,front-end,6,0.8631859720044304,rabbitmq,"['rabbitmq', 'front-end', 'user']","['rabbitmq', 'front-end', 'user', 'shipping', 'queue-master']",False,False,False,0.5,0.5,20000
2026_03_17,metrics-latency_p95__fusion-single_metric__cand-pct-80-min-5__agg-mean__pc-0.1,latency_p95,single_metric,mean,percentile,,80.0,,5,paper,top1,5,10,2,10,inject_window,0.1,pod_cpu_hog_shipping_001,shipping,front-end,6,0.8944977450009901,carts,"['carts', 'orders', 'front-end']","['carts', 'orders', 'front-end', 'shipping', 'rabbitmq']",False,False,True,0.5,0.5,20000
2026_03_17,metrics-latency_p95__fusion-single_metric__cand-pct-80-min-5__agg-mean__pc-0.1,latency_p95,single_metric,mean,percentile,,80.0,,5,paper,top1,5,10,2,10,inject_window,0.1,pod_cpu_hog_user-db_001,user-db,front-end,5,1.1161789750040043,front-end,"['front-end', 'catalogue', 'orders']","['front-end', 'catalogue', 'orders', 'catalogue-db', 'user']",False,False,False,0.5,0.5,20000
2026_03_17,metrics-latency_p95__fusion-single_metric__cand-pct-80-min-5__agg-mean__pc-0.1,latency_p95,single_metric,mean,percentile,,80.0,,5,paper,top1,5,10,2,10,inject_window,0.1,pod_cpu_hog_user_001,user,front-end,4,0.8830709979811218,carts,"['carts', 'catalogue', 'front-end']","['carts', 'catalogue', 'front-end', 'orders']",False,False,False,0.5,0.5,20000
2026_03_17,metrics-latency_p95__fusion-single_metric__cand-pct-80-min-5__agg-mean__pc-0.1,latency_p95,single_metric,mean,percentile,,80.0,,5,paper,top1,5,10,2,10,inject_window,0.1,pod_do_fault_carts-db_001,carts-db,front-end,5,0.8125450270017609,front-end,"['front-end', 'carts', 'orders']","['front-end', 'carts', 'orders', 'session-db', 'orders-db']",False,False,False,0.5,0.5,20000
2026_03_17,metrics-latency_p95__fusion-single_metric__cand-pct-80-min-5__agg-mean__pc-0.1,latency_p95,single_metric,mean,percentile,,80.0,,5,paper,top1,5,10,2,10,inject_window,0.1,pod_do_fault_carts_001,carts,front-end,5,1.1449603929941077,carts,"['carts', 'front-end', 'orders']","['carts', 'front-end', 'orders', 'catalogue', 'orders-db']",True,True,True,0.5,0.5,20000
2026_03_17,metrics-latency_p95__fusion-single_metric__cand-pct-80-min-5__agg-mean__pc-0.1,latency_p95,single_metric,mean,percentile,,80.0,,5,paper,top1,5,10,2,10,inject_window,0.1,pod_do_fault_catalogue-db_001,catalogue-db,front-end,5,0.7961813870060723,front-end,"['front-end', 'carts', 'queue-master']","['front-end', 'carts', 'queue-master', 'orders-db', 'carts-db']",False,False,False,0.5,0.5,20000
2026_03_17,metrics-latency_p95__fusion-single_metric__cand-pct-80-min-5__agg-mean__pc-0.1,latency_p95,single_metric,mean,percentile,,80.0,,5,paper,top1,5,10,2,10,inject_window,0.1,pod_do_fault_catalogue_001,catalogue,front-end,6,0.9256025819922796,front-end,"['front-end', 'user', 'orders']","['front-end', 'user', 'orders', 'session-db', 'queue-master']",False,False,False,0.5,0.5,20000
2026_03_17,metrics-latency_p95__fusion-single_metric__cand-pct-80-min-5__agg-mean__pc-0.1,latency_p95,single_metric,mean,percentile,,80.0,,5,paper,top1,5,10,2,10,inject_window,0.1,pod_do_fault_front-end_001,front-end,front-end,4,0.769168263010215,front-end,"['front-end', 'carts-db', 'queue-master']","['front-end', 'carts-db', 'queue-master', 'catalogue-db']",True,True,True,0.5,0.5,20000
2026_03_17,metrics-latency_p95__fusion-single_metric__cand-pct-80-min-5__agg-mean__pc-0.1,latency_p95,single_metric,mean,percentile,,80.0,,5,paper,top1,5,10,2,10,inject_window,0.1,pod_do_fault_orders-db_001,orders-db,front-end,5,0.8473598319978919,orders,"['orders', 'front-end', 'carts']","['orders', 'front-end', 'carts', 'user', 'session-db']",False,False,False,0.5,0.5,20000
2026_03_17,metrics-latency_p95__fusion-single_metric__cand-pct-80-min-5__agg-mean__pc-0.1,latency_p95,single_metric,mean,percentile,,80.0,,5,paper,top1,5,10,2,10,inject_window,0.1,pod_do_fault_orders_001,orders,front-end,5,0.8803529409924522,front-end,"['front-end', 'carts', 'session-db']","['front-end', 'carts', 'session-db', 'user-db', 'orders']",False,False,True,0.5,0.5,20000
2026_03_17,metrics-latency_p95__fusion-single_metric__cand-pct-80-min-5__agg-mean__pc-0.1,latency_p95,single_metric,mean,percentile,,80.0,,5,paper,top1,5,10,2,10,inject_window,0.1,pod_do_fault_payment_001,payment,front-end,5,0.9103030839760322,orders,"['orders', 'queue-master', 'user-db']","['orders', 'queue-master', 'user-db', 'front-end', 'carts-db']",False,False,False,0.5,0.5,20000
2026_03_17,metrics-latency_p95__fusion-single_metric__cand-pct-80-min-5__agg-mean__pc-0.1,latency_p95,single_metric,mean,percentile,,80.0,,5,paper,top1,5,10,2,10,inject_window,0.1,pod_do_fault_queue-master_001,queue-master,front-end,5,0.8723537450132426,front-end,"['front-end', 'carts-db', 'shipping']","['front-end', 'carts-db', 'shipping', 'orders-db', 'queue-master']",False,False,True,0.5,0.5,20000
2026_03_17,metrics-latency_p95__fusion-single_metric__cand-pct-80-min-5__agg-mean__pc-0.1,latency_p95,single_metric,mean,percentile,,80.0,,5,paper,top1,5,10,2,10,inject_window,0.1,pod_do_fault_shipping_001,shipping,front-end,4,0.8991559610003605,front-end,"['front-end', 'carts-db', 'queue-master']","['front-end', 'carts-db', 'queue-master', 'catalogue-db']",False,False,False,0.5,0.5,20000
2026_03_17,metrics-latency_p95__fusion-single_metric__cand-pct-80-min-5__agg-mean__pc-0.1,latency_p95,single_metric,mean,percentile,,80.0,,5,paper,top1,5,10,2,10,inject_window,0.1,pod_do_fault_user-db_001,user-db,front-end,4,0.8470360850042198,user,"['user', 'front-end', 'session-db']","['user', 'front-end', 'session-db', 'shipping']",False,False,False,0.5,0.5,20000
2026_03_17,metrics-latency_p95__fusion-single_metric__cand-pct-80-min-5__agg-mean__pc-0.1,latency_p95,single_metric,mean,percentile,,80.0,,5,paper,top1,5,10,2,10,inject_window,0.1,pod_do_fault_user_001,user,front-end,6,0.8579685500008054,front-end,"['front-end', 'queue-master', 'user']","['front-end', 'queue-master', 'user', 'orders-db', 'catalogue-db']",False,True,True,0.5,0.5,20000
2026_03_17,metrics-latency_p95__fusion-single_metric__cand-pct-80-min-5__agg-mean__pc-0.1,latency_p95,single_metric,mean,percentile,,80.0,,5,paper,top1,5,10,2,10,inject_window,0.1,pod_io_fault_carts-db_001,carts-db,front-end,5,0.8087116219976451,front-end,"['front-end', 'carts', 'orders']","['front-end', 'carts', 'orders', 'session-db', 'catalogue']",False,False,False,0.5,0.5,20000
2026_03_17,metrics-latency_p95__fusion-single_metric__cand-pct-80-min-5__agg-mean__pc-0.1,latency_p95,single_metric,mean,percentile,,80.0,,5,paper,top1,5,10,2,10,inject_window,0.1,pod_io_fault_orders-db_001,orders-db,front-end,5,0.8791501410014462,catalogue-db,"['catalogue-db', 'front-end', 'carts-db']","['catalogue-db', 'front-end', 'carts-db', 'orders', 'orders-db']",False,False,True,0.5,0.5,20000
2026_03_17,metrics-latency_p95__fusion-single_metric__cand-pct-80-min-5__agg-mean__pc-0.1,latency_p95,single_metric,mean,percentile,,80.0,,5,paper,top1,5,10,2,10,inject_window,0.1,pod_io_fault_user-db_001,user-db,front-end,5,0.8299262619984802,front-end,"['front-end', 'orders', 'catalogue-db']","['front-end', 'orders', 'catalogue-db', 'queue-master', 'orders-db']",False,False,False,0.5,0.5,20000
2026_03_17,metrics-latency_p95__fusion-single_metric__cand-pct-80-min-5__agg-mean__pc-0.1,latency_p95,single_metric,mean,percentile,,80.0,,5,paper,top1,5,10,2,10,inject_window,0.1,pod_java_exception_carts_001,carts,front-end,5,0.873494601022685,user,"['user', 'front-end', 'carts']","['user', 'front-end', 'carts', 'queue-master', 'orders']",False,True,True,0.5,0.5,20000
2026_03_17,metrics-latency_p95__fusion-single_metric__cand-pct-80-min-5__agg-mean__pc-0.1,latency_p95,single_metric,mean,percentile,,80.0,,5,paper,top1,5,10,2,10,inject_window,0.1,pod_java_exception_orders_001,orders,front-end,6,0.8701287540025078,front-end,"['front-end', 'user', 'shipping']","['front-end', 'user', 'shipping', 'queue-master', 'orders-db']",False,False,False,0.5,0.5,20000
2026_03_17,metrics-latency_p95__fusion-single_metric__cand-pct-80-min-5__agg-mean__pc-0.1,latency_p95,single_metric,mean,percentile,,80.0,,5,paper,top1,5,10,2,10,inject_window,0.1,pod_java_exception_shipping_001,shipping,front-end,6,0.8728962689929176,front-end,"['front-end', 'orders', 'carts']","['front-end', 'orders', 'carts', 'shipping', 'user']",False,False,True,0.5,0.5,20000
2026_03_17,metrics-latency_p95__fusion-single_metric__cand-pct-80-min-5__agg-mean__pc-0.1,latency_p95,single_metric,mean,percentile,,80.0,,5,paper,top1,5,10,2,10,inject_window,0.1,pod_memory_hog_carts_001,carts,front-end,5,0.8703366930130869,orders,"['orders', 'front-end', 'carts']","['orders', 'front-end', 'carts', 'user', 'queue-master']",False,True,True,0.5,0.5,20000
2026_03_17,metrics-latency_p95__fusion-single_metric__cand-pct-80-min-5__agg-mean__pc-0.1,latency_p95,single_metric,mean,percentile,,80.0,,5,paper,top1,5,10,2,10,inject_window,0.1,pod_memory_hog_catalogue_001,catalogue,front-end,5,0.8975822569918819,front-end,"['front-end', 'orders', 'user-db']","['front-end', 'orders', 'user-db', 'queue-master', 'catalogue']",False,False,True,0.5,0.5,20000
2026_03_17,metrics-latency_p95__fusion-single_metric__cand-pct-80-min-5__agg-mean__pc-0.1,latency_p95,single_metric,mean,percentile,,80.0,,5,paper,top1,5,10,2,10,inject_window,0.1,pod_memory_hog_front-end_001,front-end,front-end,4,0.820035957993241,front-end,"['front-end', 'catalogue-db', 'orders-db']","['front-end', 'catalogue-db', 'orders-db', 'carts-db']",True,True,True,0.5,0.5,20000
2026_03_17,metrics-latency_p95__fusion-single_metric__cand-pct-80-min-5__agg-mean__pc-0.1,latency_p95,single_metric,mean,percentile,,80.0,,5,paper,top1,5,10,2,10,inject_window,0.1,pod_memory_hog_orders_001,orders,front-end,5,0.8645515580137726,front-end,"['front-end', 'orders', 'carts']","['front-end', 'orders', 'carts', 'rabbitmq', 'queue-master']",False,True,True,0.5,0.5,20000
2026_03_17,metrics-latency_p95__fusion-single_metric__cand-pct-80-min-5__agg-mean__pc-0.1,latency_p95,single_metric,mean,percentile,,80.0,,5,paper,top1,5,10,2,10,inject_window,0.1,pod_memory_hog_payment_001,payment,front-end,5,0.8267167870071717,carts,"['carts', 'catalogue', 'front-end']","['carts', 'catalogue', 'front-end', 'rabbitmq', 'queue-master']",False,False,False,0.5,0.5,20000
2026_03_17,metrics-latency_p95__fusion-single_metric__cand-pct-80-min-5__agg-mean__pc-0.1,latency_p95,single_metric,mean,percentile,,80.0,,5,paper,top1,5,10,2,10,inject_window,0.1,pod_memory_hog_queue-master_001,queue-master,front-end,5,0.9041001809819136,orders,"['orders', 'catalogue', 'front-end']","['orders', 'catalogue', 'front-end', 'carts-db', 'orders-db']",False,False,False,0.5,0.5,20000
2026_03_17,metrics-latency_p95__fusion-single_metric__cand-pct-80-min-5__agg-mean__pc-0.1,latency_p95,single_metric,mean,percentile,,80.0,,5,paper,top1,5,10,2,10,inject_window,0.1,pod_memory_hog_shipping_001,shipping,front-end,5,0.8423759050201625,front-end,"['front-end', 'queue-master', 'session-db']","['front-end', 'queue-master', 'session-db', 'user', 'catalogue-db']",False,False,False,0.5,0.5,20000
2026_03_17,metrics-latency_p95__fusion-single_metric__cand-pct-80-min-5__agg-mean__pc-0.1,latency_p95,single_metric,mean,percentile,,80.0,,5,paper,top1,5,10,2,10,inject_window,0.1,pod_memory_hog_user_001,user,front-end,5,0.8572687089908868,front-end,"['front-end', 'payment', 'user']","['front-end', 'payment', 'user', 'queue-master', 'catalogue-db']",False,True,True,0.5,0.5,20000
2026_03_17,metrics-latency_p95__fusion-single_metric__cand-pct-80-min-5__agg-mean__pc-0.1,latency_p95,single_metric,mean,percentile,,80.0,,5,paper,top1,5,10,2,10,inject_window,0.1,pod_network_delay_carts_001,carts,front-end,5,0.9157608459936456,orders,"['orders', 'front-end', 'carts']","['orders', 'front-end', 'carts', 'user', 'session-db']",False,True,True,0.5,0.5,20000
2026_03_17,metrics-latency_p95__fusion-single_metric__cand-pct-80-min-5__agg-mean__pc-0.1,latency_p95,single_metric,mean,percentile,,80.0,,5,paper,top1,5,10,2,10,inject_window,0.1,pod_network_delay_catalogue_001,catalogue,front-end,2,0.813010215992108,catalogue,"['catalogue', 'front-end']","['catalogue', 'front-end']",True,True,True,0.5,0.5,20000
2026_03_17,metrics-latency_p95__fusion-single_metric__cand-pct-80-min-5__agg-mean__pc-0.1,latency_p95,single_metric,mean,percentile,,80.0,,5,paper,top1,5,10,2,10,inject_window,0.1,pod_network_delay_front-end_001,front-end,front-end,4,0.7853007829980925,front-end,"['front-end', 'rabbitmq', 'queue-master']","['front-end', 'rabbitmq', 'queue-master', 'user']",True,True,True,0.5,0.5,20000
2026_03_17,metrics-latency_p95__fusion-single_metric__cand-pct-80-min-5__agg-mean__pc-0.1,latency_p95,single_metric,mean,percentile,,80.0,,5,paper,top1,5,10,2,10,inject_window,0.1,pod_network_delay_orders_001,orders,front-end,5,0.8732280289987102,carts,"['carts', 'front-end', 'shipping']","['carts', 'front-end', 'shipping', 'payment', 'orders']",False,False,True,0.5,0.5,20000
2026_03_17,metrics-latency_p95__fusion-single_metric__cand-pct-80-min-5__agg-mean__pc-0.1,latency_p95,single_metric,mean,percentile,,80.0,,5,paper,top1,5,10,2,10,inject_window,0.1,pod_network_delay_payment_001,payment,front-end,6,0.8268610660161357,front-end,"['front-end', 'orders', 'carts']","['front-end', 'orders', 'carts', 'queue-master', 'session-db']",False,False,False,0.5,0.5,20000
2026_03_17,metrics-latency_p95__fusion-single_metric__cand-pct-80-min-5__agg-mean__pc-0.1,latency_p95,single_metric,mean,percentile,,80.0,,5,paper,top1,5,10,2,10,inject_window,0.1,pod_network_delay_queue-master_001,queue-master,front-end,5,0.8928021280153189,orders,"['orders', 'catalogue', 'shipping']","['orders', 'catalogue', 'shipping', 'front-end', 'queue-master']",False,False,True,0.5,0.5,20000
2026_03_17,metrics-latency_p95__fusion-single_metric__cand-pct-80-min-5__agg-mean__pc-0.1,latency_p95,single_metric,mean,percentile,,80.0,,5,paper,top1,5,10,2,10,inject_window,0.1,pod_network_delay_shipping_001,shipping,front-end,5,0.8776329700194765,queue-master,"['queue-master', 'catalogue', 'front-end']","['queue-master', 'catalogue', 'front-end', 'catalogue-db', 'orders']",False,False,False,0.5,0.5,20000
2026_03_17,metrics-latency_p95__fusion-single_metric__cand-pct-80-min-5__agg-mean__pc-0.1,latency_p95,single_metric,mean,percentile,,80.0,,5,paper,top1,5,10,2,10,inject_window,0.1,pod_network_delay_user_001,user,front-end,5,0.8808416789979674,front-end,"['front-end', 'orders', 'user']","['front-end', 'orders', 'user', 'carts', 'orders-db']",False,True,True,0.5,0.5,20000
2026_03_17,metrics-latency_p95__fusion-single_metric__cand-pct-80-min-5__agg-mean__pc-0.1,latency_p95,single_metric,mean,percentile,,80.0,,5,paper,top1,5,10,2,10,inject_window,0.1,pod_network_loss_carts_001,carts,front-end,2,0.8656493750168011,carts,"['carts', 'front-end']","['carts', 'front-end']",True,True,True,0.5,0.5,20000
2026_03_17,metrics-latency_p95__fusion-single_metric__cand-pct-80-min-5__agg-mean__pc-0.1,latency_p95,single_metric,mean,percentile,,80.0,,5,paper,top1,5,10,2,10,inject_window,0.1,pod_network_loss_catalogue_001,catalogue,front-end,4,0.8346423050097656,front-end,"['front-end', 'queue-master', 'payment']","['front-end', 'queue-master', 'payment', 'catalogue']",False,False,True,0.5,0.5,20000
2026_03_17,metrics-latency_p95__fusion-single_metric__cand-pct-80-min-5__agg-mean__pc-0.1,latency_p95,single_metric,mean,percentile,,80.0,,5,paper,top1,5,10,2,10,inject_window,0.1,pod_network_loss_front-end_001,front-end,front-end,4,0.8691448730241973,front-end,"['front-end', 'catalogue-db', 'user']","['front-end', 'catalogue-db', 'user', 'rabbitmq']",True,True,True,0.5,0.5,20000
2026_03_17,metrics-latency_p95__fusion-single_metric__cand-pct-80-min-5__agg-mean__pc-0.1,latency_p95,single_metric,mean,percentile,,80.0,,5,paper,top1,5,10,2,10,inject_window,0.1,pod_network_loss_orders_001,orders,front-end,5,0.8130322840006556,orders-db,"['orders-db', 'carts', 'orders']","['orders-db', 'carts', 'orders', 'front-end', 'carts-db']",False,True,True,0.5,0.5,20000
2026_03_17,metrics-latency_p95__fusion-single_metric__cand-pct-80-min-5__agg-mean__pc-0.1,latency_p95,single_metric,mean,percentile,,80.0,,5,paper,top1,5,10,2,10,inject_window,0.1,pod_network_loss_payment_001,payment,front-end,6,0.8866663459921256,user,"['user', 'catalogue-db', 'front-end']","['user', 'catalogue-db', 'front-end', 'shipping', 'orders']",False,False,False,0.5,0.5,20000
2026_03_17,metrics-latency_p95__fusion-single_metric__cand-pct-80-min-5__agg-mean__pc-0.1,latency_p95,single_metric,mean,percentile,,80.0,,5,paper,top1,5,10,2,10,inject_window,0.1,pod_network_loss_queue-master_001,queue-master,front-end,5,0.8579797080019489,orders,"['orders', 'front-end', 'catalogue']","['orders', 'front-end', 'catalogue', 'carts', 'catalogue-db']",False,False,False,0.5,0.5,20000
2026_03_17,metrics-latency_p95__fusion-single_metric__cand-pct-80-min-5__agg-mean__pc-0.1,latency_p95,single_metric,mean,percentile,,80.0,,5,paper,top1,5,10,2,10,inject_window,0.1,pod_network_loss_shipping_001,shipping,front-end,5,0.816499048989499,front-end,"['front-end', 'rabbitmq', 'orders-db']","['front-end', 'rabbitmq', 'orders-db', 'queue-master', 'catalogue-db']",False,False,False,0.5,0.5,20000
2026_03_17,metrics-latency_p95__fusion-single_metric__cand-pct-80-min-5__agg-mean__pc-0.1,latency_p95,single_metric,mean,percentile,,80.0,,5,paper,top1,5,10,2,10,inject_window,0.1,pod_network_loss_user_001,user,front-end,6,0.9065121769963298,front-end,"['front-end', 'user', 'orders']","['front-end', 'user', 'orders', 'queue-master', 'catalogue-db']",False,True,True,0.5,0.5,20000
2026_03_17,metrics-latency_p95__fusion-single_metric__cand-pct-80-min-5__agg-mean__pc-0.1,latency_p95,single_metric,mean,percentile,,80.0,,5,paper,top1,5,10,2,10,inject_window,0.1,pod_network_partition_carts_001,carts,front-end,3,0.8736387440003455,orders,"['orders', 'front-end', 'queue-master']","['orders', 'front-end', 'queue-master']",False,False,False,0.5,0.5,20000
2026_03_17,metrics-latency_p95__fusion-single_metric__cand-pct-80-min-5__agg-mean__pc-0.1,latency_p95,single_metric,mean,percentile,,80.0,,5,paper,top1,5,10,2,10,inject_window,0.1,pod_network_partition_catalogue_001,catalogue,front-end,5,0.8719598349998705,orders-db,"['orders-db', 'front-end', 'rabbitmq']","['orders-db', 'front-end', 'rabbitmq', 'queue-master', 'catalogue-db']",False,False,False,0.5,0.5,20000
2026_03_17,metrics-latency_p95__fusion-single_metric__cand-pct-80-min-5__agg-mean__pc-0.1,latency_p95,single_metric,mean,percentile,,80.0,,5,paper,top1,5,10,2,10,inject_window,0.1,pod_network_partition_front-end_001,front-end,front-end,5,0.8956214690115303,carts,"['carts', 'orders', 'front-end']","['carts', 'orders', 'front-end', 'queue-master', 'carts-db']",False,True,True,0.5,0.5,20000
2026_03_17,metrics-latency_p95__fusion-single_metric__cand-pct-80-min-5__agg-mean__pc-0.1,latency_p95,single_metric,mean,percentile,,80.0,,5,paper,top1,5,10,2,10,inject_window,0.1,pod_network_partition_orders_001,orders,front-end,4,0.841753691987833,front-end,"['front-end', 'carts', 'session-db']","['front-end', 'carts', 'session-db', 'user']",False,False,False,0.5,0.5,20000
2026_03_17,metrics-latency_p95__fusion-single_metric__cand-pct-80-min-5__agg-mean__pc-0.1,latency_p95,single_metric,mean,percentile,,80.0,,5,paper,top1,5,10,2,10,inject_window,0.1,pod_network_partition_payment_001,payment,front-end,2,0.8741787059989292,catalogue-db,"['catalogue-db', 'front-end']","['catalogue-db', 'front-end']",False,False,False,0.5,0.5,20000
2026_03_17,metrics-latency_p95__fusion-single_metric__cand-pct-80-min-5__agg-mean__pc-0.1,latency_p95,single_metric,mean,percentile,,80.0,,5,paper,top1,5,10,2,10,inject_window,0.1,pod_network_partition_queue-master_001,queue-master,front-end,6,0.7998958499811124,rabbitmq,"['rabbitmq', 'carts', 'front-end']","['rabbitmq', 'carts', 'front-end', 'orders', 'user']",False,False,False,0.5,0.5,20000
2026_03_17,metrics-latency_p95__fusion-single_metric__cand-pct-80-min-5__agg-mean__pc-0.1,latency_p95,single_metric,mean,percentile,,80.0,,5,paper,top1,5,10,2,10,inject_window,0.1,pod_network_partition_shipping_001,shipping,front-end,3,0.8351891220081598,front-end,"['front-end', 'queue-master', 'orders-db']","['front-end', 'queue-master', 'orders-db']",False,False,False,0.5,0.5,20000
2026_03_17,metrics-latency_p95__fusion-single_metric__cand-pct-80-min-5__agg-mean__pc-0.1,latency_p95,single_metric,mean,percentile,,80.0,,5,paper,top1,5,10,2,10,inject_window,0.1,pod_network_partition_user_001,user,front-end,6,0.8812482349749189,front-end,"['front-end', 'carts', 'catalogue-db']","['front-end', 'carts', 'catalogue-db', 'orders', 'queue-master']",False,False,False,0.5,0.5,20000
2026_03_18,metrics-latency_p95__fusion-single_metric__cand-pct-80-min-5__agg-mean__pc-0.1,latency_p95,single_metric,mean,percentile,,80.0,,5,paper,top1,5,10,2,10,inject_window,0.1,pod_cpu_hog_carts-db_001,carts-db,front-end,5,0.8513919209945016,front-end,"['front-end', 'orders-db', 'user']","['front-end', 'orders-db', 'user', 'queue-master', 'carts-db']",False,False,True,0.5,0.5,20000
2026_03_18,metrics-latency_p95__fusion-single_metric__cand-pct-80-min-5__agg-mean__pc-0.1,latency_p95,single_metric,mean,percentile,,80.0,,5,paper,top1,5,10,2,10,inject_window,0.1,pod_cpu_hog_carts_001,carts,front-end,3,1.0432768930040766,front-end,"['front-end', 'orders-db', 'catalogue-db']","['front-end', 'orders-db', 'catalogue-db']",False,False,False,0.5,0.5,20000
2026_03_18,metrics-latency_p95__fusion-single_metric__cand-pct-80-min-5__agg-mean__pc-0.1,latency_p95,single_metric,mean,percentile,,80.0,,5,paper,top1,5,10,2,10,inject_window,0.1,pod_cpu_hog_catalogue-db_001,catalogue-db,front-end,5,1.0731912509945687,front-end,"['front-end', 'orders-db', 'carts-db']","['front-end', 'orders-db', 'carts-db', 'user-db', 'queue-master']",False,False,False,0.5,0.5,20000
2026_03_18,metrics-latency_p95__fusion-single_metric__cand-pct-80-min-5__agg-mean__pc-0.1,latency_p95,single_metric,mean,percentile,,80.0,,5,paper,top1,5,10,2,10,inject_window,0.1,pod_cpu_hog_catalogue_001,catalogue,front-end,5,0.8094470270152669,front-end,"['front-end', 'user-db', 'queue-master']","['front-end', 'user-db', 'queue-master', 'orders-db', 'carts-db']",False,False,False,0.5,0.5,20000
2026_03_18,metrics-latency_p95__fusion-single_metric__cand-pct-80-min-5__agg-mean__pc-0.1,latency_p95,single_metric,mean,percentile,,80.0,,5,paper,top1,5,10,2,10,inject_window,0.1,pod_cpu_hog_front-end_001,front-end,front-end,5,0.8816179370041937,front-end,"['front-end', 'user', 'orders']","['front-end', 'user', 'orders', 'orders-db', 'catalogue-db']",True,True,True,0.5,0.5,20000
2026_03_18,metrics-latency_p95__fusion-single_metric__cand-pct-80-min-5__agg-mean__pc-0.1,latency_p95,single_metric,mean,percentile,,80.0,,5,paper,top1,5,10,2,10,inject_window,0.1,pod_cpu_hog_orders-db_001,orders-db,front-end,5,0.8039186849782709,front-end,"['front-end', 'queue-master', 'orders-db']","['front-end', 'queue-master', 'orders-db', 'carts-db', 'catalogue-db']",False,True,True,0.5,0.5,20000
2026_03_18,metrics-latency_p95__fusion-single_metric__cand-pct-80-min-5__agg-mean__pc-0.1,latency_p95,single_metric,mean,percentile,,80.0,,5,paper,top1,5,10,2,10,inject_window,0.1,pod_cpu_hog_orders_001,orders,front-end,3,1.0665952989947982,front-end,"['front-end', 'carts-db', 'catalogue-db']","['front-end', 'carts-db', 'catalogue-db']",False,False,False,0.5,0.5,20000
2026_03_18,metrics-latency_p95__fusion-single_metric__cand-pct-80-min-5__agg-mean__pc-0.1,latency_p95,single_metric,mean,percentile,,80.0,,5,paper,top1,5,10,2,10,inject_window,0.1,pod_cpu_hog_payment_001,payment,front-end,6,1.4130792939977257,shipping,"['shipping', 'catalogue', 'front-end']","['shipping', 'catalogue', 'front-end', 'rabbitmq', 'user']",False,False,False,0.5,0.5,20000
2026_03_18,metrics-latency_p95__fusion-single_metric__cand-pct-80-min-5__agg-mean__pc-0.1,latency_p95,single_metric,mean,percentile,,80.0,,5,paper,top1,5,10,2,10,inject_window,0.1,pod_cpu_hog_queue-master_001,queue-master,front-end,4,0.8810080519760959,front-end,"['front-end', 'user', 'queue-master']","['front-end', 'user', 'queue-master', 'orders-db']",False,True,True,0.5,0.5,20000
2026_03_18,metrics-latency_p95__fusion-single_metric__cand-pct-80-min-5__agg-mean__pc-0.1,latency_p95,single_metric,mean,percentile,,80.0,,5,paper,top1,5,10,2,10,inject_window,0.1,pod_cpu_hog_rabbitmq_001,rabbitmq,front-end,4,0.8504057969839778,front-end,"['front-end', 'catalogue', 'user-db']","['front-end', 'catalogue', 'user-db', 'orders-db']",False,False,False,0.5,0.5,20000
2026_03_18,metrics-latency_p95__fusion-single_metric__cand-pct-80-min-5__agg-mean__pc-0.1,latency_p95,single_metric,mean,percentile,,80.0,,5,paper,top1,5,10,2,10,inject_window,0.1,pod_cpu_hog_session-db_001,session-db,front-end,5,1.133725432009669,front-end,"['front-end', 'orders-db', 'queue-master']","['front-end', 'orders-db', 'queue-master', 'carts-db', 'catalogue-db']",False,False,False,0.5,0.5,20000
2026_03_18,metrics-latency_p95__fusion-single_metric__cand-pct-80-min-5__agg-mean__pc-0.1,latency_p95,single_metric,mean,percentile,,80.0,,5,paper,top1,5,10,2,10,inject_window,0.1,pod_cpu_hog_shipping_001,shipping,front-end,4,0.7848053039924707,front-end,"['front-end', 'queue-master', 'carts-db']","['front-end', 'queue-master', 'carts-db', 'catalogue-db']",False,False,False,0.5,0.5,20000
2026_03_18,metrics-latency_p95__fusion-single_metric__cand-pct-80-min-5__agg-mean__pc-0.1,latency_p95,single_metric,mean,percentile,,80.0,,5,paper,top1,5,10,2,10,inject_window,0.1,pod_cpu_hog_user-db_001,user-db,front-end,4,1.1051552790158894,front-end,"['front-end', 'user', 'catalogue']","['front-end', 'user', 'catalogue', 'queue-master']",False,False,False,0.5,0.5,20000
2026_03_18,metrics-latency_p95__fusion-single_metric__cand-pct-80-min-5__agg-mean__pc-0.1,latency_p95,single_metric,mean,percentile,,80.0,,5,paper,top1,5,10,2,10,inject_window,0.1,pod_cpu_hog_user_001,user,front-end,5,0.8518185400171205,front-end,"['front-end', 'orders', 'orders-db']","['front-end', 'orders', 'orders-db', 'rabbitmq', 'queue-master']",False,False,False,0.5,0.5,20000
2026_03_18,metrics-latency_p95__fusion-single_metric__cand-pct-80-min-5__agg-mean__pc-0.1,latency_p95,single_metric,mean,percentile,,80.0,,5,paper,top1,5,10,2,10,inject_window,0.1,pod_do_fault_carts-db_001,carts-db,front-end,4,0.8391507820051629,front-end,"['front-end', 'carts', 'orders']","['front-end', 'carts', 'orders', 'orders-db']",False,False,False,0.5,0.5,20000
2026_03_18,metrics-latency_p95__fusion-single_metric__cand-pct-80-min-5__agg-mean__pc-0.1,latency_p95,single_metric,mean,percentile,,80.0,,5,paper,top1,5,10,2,10,inject_window,0.1,pod_do_fault_carts_001,carts,front-end,5,0.8601682140142657,catalogue-db,"['catalogue-db', 'front-end', 'orders-db']","['catalogue-db', 'front-end', 'orders-db', 'user-db', 'orders']",False,False,False,0.5,0.5,20000
2026_03_18,metrics-latency_p95__fusion-single_metric__cand-pct-80-min-5__agg-mean__pc-0.1,latency_p95,single_metric,mean,percentile,,80.0,,5,paper,top1,5,10,2,10,inject_window,0.1,pod_do_fault_catalogue-db_001,catalogue-db,front-end,6,0.9038939849997404,user,"['user', 'user-db', 'orders']","['user', 'user-db', 'orders', 'front-end', 'carts-db']",False,False,False,0.5,0.5,20000
2026_03_18,metrics-latency_p95__fusion-single_metric__cand-pct-80-min-5__agg-mean__pc-0.1,latency_p95,single_metric,mean,percentile,,80.0,,5,paper,top1,5,10,2,10,inject_window,0.1,pod_do_fault_catalogue_001,catalogue,front-end,5,0.8750772159837652,catalogue,"['catalogue', 'front-end', 'rabbitmq']","['catalogue', 'front-end', 'rabbitmq', 'session-db', 'user']",True,True,True,0.5,0.5,20000
2026_03_18,metrics-latency_p95__fusion-single_metric__cand-pct-80-min-5__agg-mean__pc-0.1,latency_p95,single_metric,mean,percentile,,80.0,,5,paper,top1,5,10,2,10,inject_window,0.1,pod_do_fault_front-end_001,front-end,front-end,5,1.171008058998268,user-db,"['user-db', 'front-end', 'catalogue']","['user-db', 'front-end', 'catalogue', 'queue-master', 'carts-db']",False,True,True,0.5,0.5,20000
2026_03_18,metrics-latency_p95__fusion-single_metric__cand-pct-80-min-5__agg-mean__pc-0.1,latency_p95,single_metric,mean,percentile,,80.0,,5,paper,top1,5,10,2,10,inject_window,0.1,pod_do_fault_orders-db_001,orders-db,front-end,5,0.940069061005488,orders,"['orders', 'front-end', 'shipping']","['orders', 'front-end', 'shipping', 'carts-db', 'orders-db']",False,False,True,0.5,0.5,20000
2026_03_18,metrics-latency_p95__fusion-single_metric__cand-pct-80-min-5__agg-mean__pc-0.1,latency_p95,single_metric,mean,percentile,,80.0,,5,paper,top1,5,10,2,10,inject_window,0.1,pod_do_fault_orders_001,orders,front-end,4,0.8065477949858177,orders,"['orders', 'front-end', 'orders-db']","['orders', 'front-end', 'orders-db', 'carts-db']",True,True,True,0.5,0.5,20000
2026_03_18,metrics-latency_p95__fusion-single_metric__cand-pct-80-min-5__agg-mean__pc-0.1,latency_p95,single_metric,mean,percentile,,80.0,,5,paper,top1,5,10,2,10,inject_window,0.1,pod_do_fault_payment_001,payment,front-end,6,0.9469126389885788,catalogue,"['catalogue', 'front-end', 'orders']","['catalogue', 'front-end', 'orders', 'user', 'queue-master']",False,False,False,0.5,0.5,20000
2026_03_18,metrics-latency_p95__fusion-single_metric__cand-pct-80-min-5__agg-mean__pc-0.1,latency_p95,single_metric,mean,percentile,,80.0,,5,paper,top1,5,10,2,10,inject_window,0.1,pod_do_fault_queue-master_001,queue-master,front-end,4,0.8548694350174628,front-end,"['front-end', 'user', 'session-db']","['front-end', 'user', 'session-db', 'carts-db']",False,False,False,0.5,0.5,20000
2026_03_18,metrics-latency_p95__fusion-single_metric__cand-pct-80-min-5__agg-mean__pc-0.1,latency_p95,single_metric,mean,percentile,,80.0,,5,paper,top1,5,10,2,10,inject_window,0.1,pod_do_fault_shipping_001,shipping,front-end,5,0.8567637380037922,front-end,"['front-end', 'user', 'catalogue-db']","['front-end', 'user', 'catalogue-db', 'shipping', 'orders']",False,False,True,0.5,0.5,20000
2026_03_18,metrics-latency_p95__fusion-single_metric__cand-pct-80-min-5__agg-mean__pc-0.1,latency_p95,single_metric,mean,percentile,,80.0,,5,paper,top1,5,10,2,10,inject_window,0.1,pod_do_fault_user-db_001,user-db,front-end,5,1.1291296749841422,queue-master,"['queue-master', 'front-end', 'user']","['queue-master', 'front-end', 'user', 'orders-db', 'orders']",False,False,False,0.5,0.5,20000
2026_03_18,metrics-latency_p95__fusion-single_metric__cand-pct-80-min-5__agg-mean__pc-0.1,latency_p95,single_metric,mean,percentile,,80.0,,5,paper,top1,5,10,2,10,inject_window,0.1,pod_do_fault_user_001,user,front-end,4,0.8643427960050758,front-end,"['front-end', 'orders-db', 'queue-master']","['front-end', 'orders-db', 'queue-master', 'user']",False,False,True,0.5,0.5,20000
2026_03_18,metrics-latency_p95__fusion-single_metric__cand-pct-80-min-5__agg-mean__pc-0.1,latency_p95,single_metric,mean,percentile,,80.0,,5,paper,top1,5,10,2,10,inject_window,0.1,pod_io_fault_carts-db_001,carts-db,front-end,5,0.8457967019930948,front-end,"['front-end', 'carts', 'orders']","['front-end', 'carts', 'orders', 'catalogue-db', 'user']",False,False,False,0.5,0.5,20000
2026_03_18,metrics-latency_p95__fusion-single_metric__cand-pct-80-min-5__agg-mean__pc-0.1,latency_p95,single_metric,mean,percentile,,80.0,,5,paper,top1,5,10,2,10,inject_window,0.1,pod_io_fault_orders-db_001,orders-db,front-end,6,0.9060281250276604,user,"['user', 'catalogue', 'queue-master']","['user', 'catalogue', 'queue-master', 'orders', 'front-end']",False,False,False,0.5,0.5,20000
2026_03_18,metrics-latency_p95__fusion-single_metric__cand-pct-80-min-5__agg-mean__pc-0.1,latency_p95,single_metric,mean,percentile,,80.0,,5,paper,top1,5,10,2,10,inject_window,0.1,pod_io_fault_user-db_001,user-db,front-end,4,0.8406037769746035,catalogue,"['catalogue', 'rabbitmq', 'front-end']","['catalogue', 'rabbitmq', 'front-end', 'carts-db']",False,False,False,0.5,0.5,20000
2026_03_18,metrics-latency_p95__fusion-single_metric__cand-pct-80-min-5__agg-mean__pc-0.1,latency_p95,single_metric,mean,percentile,,80.0,,5,paper,top1,5,10,2,10,inject_window,0.1,pod_java_exception_carts_001,carts,front-end,5,0.849931902019307,orders,"['orders', 'catalogue-db', 'carts']","['orders', 'catalogue-db', 'carts', 'carts-db', 'front-end']",False,True,True,0.5,0.5,20000
2026_03_18,metrics-latency_p95__fusion-single_metric__cand-pct-80-min-5__agg-mean__pc-0.1,latency_p95,single_metric,mean,percentile,,80.0,,5,paper,top1,5,10,2,10,inject_window,0.1,pod_java_exception_orders_001,orders,front-end,3,0.8945597989950329,front-end,"['front-end', 'orders', 'orders-db']","['front-end', 'orders', 'orders-db']",False,True,True,0.5,0.5,20000
2026_03_18,metrics-latency_p95__fusion-single_metric__cand-pct-80-min-5__agg-mean__pc-0.1,latency_p95,single_metric,mean,percentile,,80.0,,5,paper,top1,5,10,2,10,inject_window,0.1,pod_java_exception_shipping_001,shipping,front-end,6,0.9137902299989946,catalogue,"['catalogue', 'user', 'session-db']","['catalogue', 'user', 'session-db', 'front-end', 'queue-master']",False,False,False,0.5,0.5,20000
2026_03_18,metrics-latency_p95__fusion-single_metric__cand-pct-80-min-5__agg-mean__pc-0.1,latency_p95,single_metric,mean,percentile,,80.0,,5,paper,top1,5,10,2,10,inject_window,0.1,pod_memory_hog_carts_001,carts,front-end,4,0.8031057290208992,front-end,"['front-end', 'queue-master', 'user-db']","['front-end', 'queue-master', 'user-db', 'catalogue-db']",False,False,False,0.5,0.5,20000
2026_03_18,metrics-latency_p95__fusion-single_metric__cand-pct-80-min-5__agg-mean__pc-0.1,latency_p95,single_metric,mean,percentile,,80.0,,5,paper,top1,5,10,2,10,inject_window,0.1,pod_memory_hog_catalogue_001,catalogue,front-end,5,0.8842768380127382,rabbitmq,"['rabbitmq', 'front-end', 'user']","['rabbitmq', 'front-end', 'user', 'session-db', 'carts-db']",False,False,False,0.5,0.5,20000
2026_03_18,metrics-latency_p95__fusion-single_metric__cand-pct-80-min-5__agg-mean__pc-0.1,latency_p95,single_metric,mean,percentile,,80.0,,5,paper,top1,5,10,2,10,inject_window,0.1,pod_memory_hog_front-end_001,front-end,front-end,5,0.8769479309848975,front-end,"['front-end', 'user', 'session-db']","['front-end', 'user', 'session-db', 'orders-db', 'user-db']",True,True,True,0.5,0.5,20000
2026_03_18,metrics-latency_p95__fusion-single_metric__cand-pct-80-min-5__agg-mean__pc-0.1,latency_p95,single_metric,mean,percentile,,80.0,,5,paper,top1,5,10,2,10,inject_window,0.1,pod_memory_hog_orders_001,orders,front-end,5,0.9179857690178324,front-end,"['front-end', 'session-db', 'user']","['front-end', 'session-db', 'user', 'carts-db', 'orders']",False,False,True,0.5,0.5,20000
2026_03_18,metrics-latency_p95__fusion-single_metric__cand-pct-80-min-5__agg-mean__pc-0.1,latency_p95,single_metric,mean,percentile,,80.0,,5,paper,top1,5,10,2,10,inject_window,0.1,pod_memory_hog_payment_001,payment,front-end,5,0.9037510900234338,front-end,"['front-end', 'user', 'session-db']","['front-end', 'user', 'session-db', 'catalogue', 'orders-db']",False,False,False,0.5,0.5,20000
2026_03_18,metrics-latency_p95__fusion-single_metric__cand-pct-80-min-5__agg-mean__pc-0.1,latency_p95,single_metric,mean,percentile,,80.0,,5,paper,top1,5,10,2,10,inject_window,0.1,pod_memory_hog_queue-master_001,queue-master,front-end,6,0.8131177869800013,shipping,"['shipping', 'front-end', 'orders']","['shipping', 'front-end', 'orders', 'session-db', 'rabbitmq']",False,False,False,0.5,0.5,20000
2026_03_18,metrics-latency_p95__fusion-single_metric__cand-pct-80-min-5__agg-mean__pc-0.1,latency_p95,single_metric,mean,percentile,,80.0,,5,paper,top1,5,10,2,10,inject_window,0.1,pod_memory_hog_shipping_001,shipping,front-end,5,0.9372126999951432,user,"['user', 'front-end', 'user-db']","['user', 'front-end', 'user-db', 'orders-db', 'queue-master']",False,False,False,0.5,0.5,20000
2026_03_18,metrics-latency_p95__fusion-single_metric__cand-pct-80-min-5__agg-mean__pc-0.1,latency_p95,single_metric,mean,percentile,,80.0,,5,paper,top1,5,10,2,10,inject_window,0.1,pod_memory_hog_user_001,user,front-end,6,0.9165645570028572,orders,"['orders', 'catalogue', 'front-end']","['orders', 'catalogue', 'front-end', 'orders-db', 'catalogue-db']",False,False,False,0.5,0.5,20000
2026_03_18,metrics-latency_p95__fusion-single_metric__cand-pct-80-min-5__agg-mean__pc-0.1,latency_p95,single_metric,mean,percentile,,80.0,,5,paper,top1,5,10,2,10,inject_window,0.1,pod_network_delay_carts_001,carts,front-end,5,0.8717492339783348,front-end,"['front-end', 'catalogue', 'carts']","['front-end', 'catalogue', 'carts', 'orders', 'catalogue-db']",False,True,True,0.5,0.5,20000
2026_03_18,metrics-latency_p95__fusion-single_metric__cand-pct-80-min-5__agg-mean__pc-0.1,latency_p95,single_metric,mean,percentile,,80.0,,5,paper,top1,5,10,2,10,inject_window,0.1,pod_network_delay_catalogue_001,catalogue,front-end,4,0.9070900419901592,catalogue,"['catalogue', 'front-end', 'session-db']","['catalogue', 'front-end', 'session-db', 'shipping']",True,True,True,0.5,0.5,20000
2026_03_18,metrics-latency_p95__fusion-single_metric__cand-pct-80-min-5__agg-mean__pc-0.1,latency_p95,single_metric,mean,percentile,,80.0,,5,paper,top1,5,10,2,10,inject_window,0.1,pod_network_delay_front-end_001,front-end,front-end,5,0.8584129679948092,catalogue-db,"['catalogue-db', 'user-db', 'queue-master']","['catalogue-db', 'user-db', 'queue-master', 'front-end', 'orders-db']",False,False,True,0.5,0.5,20000
2026_03_18,metrics-latency_p95__fusion-single_metric__cand-pct-80-min-5__agg-mean__pc-0.1,latency_p95,single_metric,mean,percentile,,80.0,,5,paper,top1,5,10,2,10,inject_window,0.1,pod_network_delay_orders_001,orders,front-end,4,0.8811013259983156,front-end,"['front-end', 'catalogue-db', 'orders']","['front-end', 'catalogue-db', 'orders', 'queue-master']",False,True,True,0.5,0.5,20000
2026_03_18,metrics-latency_p95__fusion-single_metric__cand-pct-80-min-5__agg-mean__pc-0.1,latency_p95,single_metric,mean,percentile,,80.0,,5,paper,top1,5,10,2,10,inject_window,0.1,pod_network_delay_payment_001,payment,front-end,5,0.8920903299876954,catalogue,"['catalogue', 'front-end', 'catalogue-db']","['catalogue', 'front-end', 'catalogue-db', 'user-db', 'orders']",False,False,False,0.5,0.5,20000
2026_03_18,metrics-latency_p95__fusion-single_metric__cand-pct-80-min-5__agg-mean__pc-0.1,latency_p95,single_metric,mean,percentile,,80.0,,5,paper,top1,5,10,2,10,inject_window,0.1,pod_network_delay_queue-master_001,queue-master,front-end,1,0.8243547279853374,front-end,['front-end'],['front-end'],False,False,False,0.5,0.5,20000
2026_03_18,metrics-latency_p95__fusion-single_metric__cand-pct-80-min-5__agg-mean__pc-0.1,latency_p95,single_metric,mean,percentile,,80.0,,5,paper,top1,5,10,2,10,inject_window,0.1,pod_network_delay_shipping_001,shipping,front-end,5,1.0381816219887696,catalogue-db,"['catalogue-db', 'user', 'session-db']","['catalogue-db', 'user', 'session-db', 'front-end', 'orders']",False,False,False,0.5,0.5,20000
2026_03_18,metrics-latency_p95__fusion-single_metric__cand-pct-80-min-5__agg-mean__pc-0.1,latency_p95,single_metric,mean,percentile,,80.0,,5,paper,top1,5,10,2,10,inject_window,0.1,pod_network_delay_user_001,user,front-end,5,0.942774265015032,front-end,"['front-end', 'user', 'orders']","['front-end', 'user', 'orders', 'carts-db', 'session-db']",False,True,True,0.5,0.5,20000
2026_03_18,metrics-latency_p95__fusion-single_metric__cand-pct-80-min-5__agg-mean__pc-0.1,latency_p95,single_metric,mean,percentile,,80.0,,5,paper,top1,5,10,2,10,inject_window,0.1,pod_network_loss_carts_001,carts,front-end,3,0.9134097519854548,carts,"['carts', 'front-end', 'orders']","['carts', 'front-end', 'orders']",True,True,True,0.5,0.5,20000
2026_03_18,metrics-latency_p95__fusion-single_metric__cand-pct-80-min-5__agg-mean__pc-0.1,latency_p95,single_metric,mean,percentile,,80.0,,5,paper,top1,5,10,2,10,inject_window,0.1,pod_network_loss_catalogue_001,catalogue,front-end,5,1.0310882490011863,queue-master,"['queue-master', 'orders-db', 'front-end']","['queue-master', 'orders-db', 'front-end', 'catalogue-db', 'rabbitmq']",False,False,False,0.5,0.5,20000
2026_03_18,metrics-latency_p95__fusion-single_metric__cand-pct-80-min-5__agg-mean__pc-0.1,latency_p95,single_metric,mean,percentile,,80.0,,5,paper,top1,5,10,2,10,inject_window,0.1,pod_network_loss_front-end_001,front-end,front-end,5,1.188748354994459,orders,"['orders', 'front-end', 'user']","['orders', 'front-end', 'user', 'orders-db', 'catalogue-db']",False,True,True,0.5,0.5,20000
2026_03_18,metrics-latency_p95__fusion-single_metric__cand-pct-80-min-5__agg-mean__pc-0.1,latency_p95,single_metric,mean,percentile,,80.0,,5,paper,top1,5,10,2,10,inject_window,0.1,pod_network_loss_orders_001,orders,front-end,5,1.02551041598781,front-end,"['front-end', 'orders-db', 'catalogue']","['front-end', 'orders-db', 'catalogue', 'orders', 'carts-db']",False,False,True,0.5,0.5,20000
2026_03_18,metrics-latency_p95__fusion-single_metric__cand-pct-80-min-5__agg-mean__pc-0.1,latency_p95,single_metric,mean,percentile,,80.0,,5,paper,top1,5,10,2,10,inject_window,0.1,pod_network_loss_payment_001,payment,front-end,5,0.9236237180011811,carts-db,"['carts-db', 'front-end', 'catalogue-db']","['carts-db', 'front-end', 'catalogue-db', 'orders-db', 'session-db']",False,False,False,0.5,0.5,20000
2026_03_18,metrics-latency_p95__fusion-single_metric__cand-pct-80-min-5__agg-mean__pc-0.1,latency_p95,single_metric,mean,percentile,,80.0,,5,paper,top1,5,10,2,10,inject_window,0.1,pod_network_loss_queue-master_001,queue-master,front-end,5,1.0869037389929872,user-db,"['user-db', 'front-end', 'carts-db']","['user-db', 'front-end', 'carts-db', 'rabbitmq', 'orders-db']",False,False,False,0.5,0.5,20000
2026_03_18,metrics-latency_p95__fusion-single_metric__cand-pct-80-min-5__agg-mean__pc-0.1,latency_p95,single_metric,mean,percentile,,80.0,,5,paper,top1,5,10,2,10,inject_window,0.1,pod_network_loss_shipping_001,shipping,front-end,5,1.4457354910264255,front-end,"['front-end', 'orders', 'orders-db']","['front-end', 'orders', 'orders-db', 'catalogue-db', 'carts-db']",False,False,False,0.5,0.5,20000
2026_03_18,metrics-latency_p95__fusion-single_metric__cand-pct-80-min-5__agg-mean__pc-0.1,latency_p95,single_metric,mean,percentile,,80.0,,5,paper,top1,5,10,2,10,inject_window,0.1,pod_network_loss_user_001,user,front-end,6,0.9835705950099508,front-end,"['front-end', 'session-db', 'catalogue']","['front-end', 'session-db', 'catalogue', 'rabbitmq', 'user']",False,False,True,0.5,0.5,20000
2026_03_18,metrics-latency_p95__fusion-single_metric__cand-pct-80-min-5__agg-mean__pc-0.1,latency_p95,single_metric,mean,percentile,,80.0,,5,paper,top1,5,10,2,10,inject_window,0.1,pod_network_partition_carts_001,carts,front-end,5,0.9891867529950104,front-end,"['front-end', 'orders', 'orders-db']","['front-end', 'orders', 'orders-db', 'carts-db', 'queue-master']",False,False,False,0.5,0.5,20000
2026_03_18,metrics-latency_p95__fusion-single_metric__cand-pct-80-min-5__agg-mean__pc-0.1,latency_p95,single_metric,mean,percentile,,80.0,,5,paper,top1,5,10,2,10,inject_window,0.1,pod_network_partition_catalogue_001,catalogue,front-end,4,1.2038838590087837,front-end,"['front-end', 'rabbitmq', 'session-db']","['front-end', 'rabbitmq', 'session-db', 'shipping']",False,False,False,0.5,0.5,20000
2026_03_18,metrics-latency_p95__fusion-single_metric__cand-pct-80-min-5__agg-mean__pc-0.1,latency_p95,single_metric,mean,percentile,,80.0,,5,paper,top1,5,10,2,10,inject_window,0.1,pod_network_partition_front-end_001,front-end,front-end,5,1.4007235229946673,front-end,"['front-end', 'user', 'orders-db']","['front-end', 'user', 'orders-db', 'carts-db', 'queue-master']",True,True,True,0.5,0.5,20000
2026_03_18,metrics-latency_p95__fusion-single_metric__cand-pct-80-min-5__agg-mean__pc-0.1,latency_p95,single_metric,mean,percentile,,80.0,,5,paper,top1,5,10,2,10,inject_window,0.1,pod_network_partition_orders_001,orders,front-end,5,1.037237084005028,front-end,"['front-end', 'catalogue-db', 'user']","['front-end', 'catalogue-db', 'user', 'carts-db', 'queue-master']",False,False,False,0.5,0.5,20000
2026_03_18,metrics-latency_p95__fusion-single_metric__cand-pct-80-min-5__agg-mean__pc-0.1,latency_p95,single_metric,mean,percentile,,80.0,,5,paper,top1,5,10,2,10,inject_window,0.1,pod_network_partition_payment_001,payment,front-end,2,1.01361607000581,front-end,"['front-end', 'carts-db']","['front-end', 'carts-db']",False,False,False,0.5,0.5,20000
2026_03_18,metrics-latency_p95__fusion-single_metric__cand-pct-80-min-5__agg-mean__pc-0.1,latency_p95,single_metric,mean,percentile,,80.0,,5,paper,top1,5,10,2,10,inject_window,0.1,pod_network_partition_queue-master_001,queue-master,front-end,5,1.1421638379979413,front-end,"['front-end', 'user-db', 'carts-db']","['front-end', 'user-db', 'carts-db', 'queue-master', 'catalogue-db']",False,False,True,0.5,0.5,20000
2026_03_18,metrics-latency_p95__fusion-single_metric__cand-pct-80-min-5__agg-mean__pc-0.1,latency_p95,single_metric,mean,percentile,,80.0,,5,paper,top1,5,10,2,10,inject_window,0.1,pod_network_partition_shipping_001,shipping,front-end,6,1.1750435039866716,front-end,"['front-end', 'orders-db', 'orders']","['front-end', 'orders-db', 'orders', 'shipping', 'queue-master']",False,False,True,0.5,0.5,20000
2026_03_18,metrics-latency_p95__fusion-single_metric__cand-pct-80-min-5__agg-mean__pc-0.1,latency_p95,single_metric,mean,percentile,,80.0,,5,paper,top1,5,10,2,10,inject_window,0.1,pod_network_partition_user_001,user,front-end,5,0.988116633001482,queue-master,"['queue-master', 'session-db', 'rabbitmq']","['queue-master', 'session-db', 'rabbitmq', 'front-end', 'user-db']",False,False,False,0.5,0.5,20000
