telemetry_day,exp_id,status,normal_run_id,normal_window_start,normal_window_end,pairs_evaluated,candidate_metric_count,candidate_pod_count,candidate_service_count,ranking_mode,gt_service,gt_pod,service_implies_pod_rule,pred_service_top1,pred_service_top3,pred_service_top5,pred_pod_top1,pred_pod_top3,pred_pod_top5,service_top1_hit,service_top3_hit,service_top5_hit,pod_top1_hit,pod_top3_hit,pod_top5_hit
2026_03_12,pod_cpu_hog_carts-db_001,ok,normal_ktn0xp,2026-03-12 00:07:49.798311,2026-03-12 00:12:49.798311,131,79,22,14,max_epsilon,carts-db,carts-db-0,True,carts,carts|orders-db|queue-master,carts|orders-db|queue-master|user|catalogue-db,carts-5b77c45b65-4p8sp,carts-5b77c45b65-4p8sp|carts-5b77c45b65-wqvh5|orders-db-0,carts-5b77c45b65-4p8sp|carts-5b77c45b65-wqvh5|orders-db-0|queue-master-5bb5566684-24lr5|user-5c64496568-xhbmp,False,False,False,False,False,False
2026_03_12,pod_network_partition_queue-master_001,ok,normal_ktn0xp,2026-03-12 00:07:49.798311,2026-03-12 00:12:49.798311,126,66,22,14,max_epsilon,queue-master,queue-master-5bb5566684-24lr5,False,queue-master,queue-master|carts|payment,queue-master|carts|payment|orders|catalogue,queue-master-5bb5566684-24lr5,queue-master-5bb5566684-24lr5|carts-5b77c45b65-wqvh5|payment-664c4d4c74-fjnln,queue-master-5bb5566684-24lr5|carts-5b77c45b65-wqvh5|payment-664c4d4c74-fjnln|orders-94d48dc8-9smxp|carts-5b77c45b65-4p8sp,True,True,True,True,True,True
2026_03_12,pod_network_loss_user_001,ok,normal_s9eec5,2026-03-12 00:57:02.393276,2026-03-12 01:02:02.393276,130,84,22,14,max_epsilon,user,user-5c64496568-xhbmp,False,front-end,front-end|carts-db|carts,front-end|carts-db|carts|queue-master|orders,front-end-65f844fc76-4pkd6,front-end-65f844fc76-4pkd6|carts-db-0|carts-5b77c45b65-wqvh5,front-end-65f844fc76-4pkd6|carts-db-0|carts-5b77c45b65-wqvh5|queue-master-5bb5566684-24lr5|queue-master-5bb5566684-6zh6n,False,False,False,False,False,False
2026_03_12,pod_cpu_hog_payment_001,ok,normal_s9eec5,2026-03-12 00:57:02.393276,2026-03-12 01:02:02.393276,130,65,22,14,max_epsilon,payment,payment-664c4d4c74-2jg6l,False,front-end,front-end|carts|carts-db,front-end|carts|carts-db|catalogue|shipping,front-end-65f844fc76-4pkd6,front-end-65f844fc76-4pkd6|carts-5b77c45b65-wqvh5|carts-db-0,front-end-65f844fc76-4pkd6|carts-5b77c45b65-wqvh5|carts-db-0|catalogue-58bdd4d4f9-fdnfw|shipping-66d8f78d5f-qs6t2,False,False,False,False,False,False
2026_03_12,pod_java_exception_shipping_001,ok,normal_s9eec5,2026-03-12 00:57:02.393276,2026-03-12 01:02:02.393276,141,77,22,14,max_epsilon,shipping,shipping-66d8f78d5f-n8lvv,False,carts-db,carts-db|front-end|carts,carts-db|front-end|carts|orders-db|shipping,carts-db-0,carts-db-0|front-end-65f844fc76-4pkd6|carts-5b77c45b65-4p8sp,carts-db-0|front-end-65f844fc76-4pkd6|carts-5b77c45b65-4p8sp|carts-5b77c45b65-wqvh5|orders-db-0,False,False,True,False,False,False
2026_03_12,pod_cpu_hog_catalogue-db_001,ok,normal_etkx7w,2026-03-12 02:01:16.851589,2026-03-12 02:06:16.851589,129,81,22,14,max_epsilon,catalogue-db,catalogue-db-0,True,queue-master,queue-master|carts-db|catalogue,queue-master|carts-db|catalogue|user|shipping,queue-master-5bb5566684-6zh6n,queue-master-5bb5566684-6zh6n|carts-db-0|catalogue-58bdd4d4f9-fdnfw,queue-master-5bb5566684-6zh6n|carts-db-0|catalogue-58bdd4d4f9-fdnfw|user-5c64496568-q4pst|shipping-66d8f78d5f-qs6t2,False,False,False,False,False,False
2026_03_12,pod_network_partition_carts_001,ok,normal_etkx7w,2026-03-12 02:01:16.851589,2026-03-12 02:06:16.851589,134,82,21,14,max_epsilon,carts,carts-5b77c45b65-4p8sp,False,carts,carts|orders|front-end,carts|orders|front-end|carts-db|payment,carts-5b77c45b65-4p8sp,carts-5b77c45b65-4p8sp|carts-5b77c45b65-wqvh5|orders-94d48dc8-9smxp,carts-5b77c45b65-4p8sp|carts-5b77c45b65-wqvh5|orders-94d48dc8-9smxp|orders-94d48dc8-7xwrn|front-end-65f844fc76-4pkd6,True,True,True,True,True,True
2026_03_12,pod_io_fault_carts-db_001,ok,normal_npt0hw,2026-03-12 03:22:29.669465,2026-03-12 03:27:29.669465,130,74,22,14,max_epsilon,carts-db,carts-db-0,True,payment,payment|orders|user-db,payment|orders|user-db|carts|front-end,payment-664c4d4c74-2jg6l,payment-664c4d4c74-2jg6l|orders-94d48dc8-9smxp|user-db-0,payment-664c4d4c74-2jg6l|orders-94d48dc8-9smxp|user-db-0|carts-5b77c45b65-4p8sp|front-end-65f844fc76-s269x,False,False,False,False,False,False
2026_03_12,pod_do_fault_orders-db_001,ok,normal_npt0hw,2026-03-12 03:22:29.669465,2026-03-12 03:27:29.669465,133,91,22,14,max_epsilon,orders-db,orders-db-0,True,orders,orders|front-end|user,orders|front-end|user|rabbitmq|orders-db,orders-94d48dc8-9smxp,orders-94d48dc8-9smxp|orders-94d48dc8-7xwrn|front-end-65f844fc76-s269x,orders-94d48dc8-9smxp|orders-94d48dc8-7xwrn|front-end-65f844fc76-s269x|front-end-65f844fc76-4pkd6|user-5c64496568-q4pst,False,False,True,False,False,True
2026_03_12,pod_memory_hog_catalogue_001,ok,normal_obo6ci,2026-03-12 04:12:41.960159,2026-03-12 04:17:41.960159,128,70,22,14,max_epsilon,catalogue,catalogue-58bdd4d4f9-fdnfw,False,orders,orders|catalogue|carts-db,orders|catalogue|carts-db|orders-db|rabbitmq,orders-94d48dc8-9smxp,orders-94d48dc8-9smxp|catalogue-58bdd4d4f9-fdnfw|catalogue-58bdd4d4f9-qtnpk,orders-94d48dc8-9smxp|catalogue-58bdd4d4f9-fdnfw|catalogue-58bdd4d4f9-qtnpk|carts-db-0|orders-db-0,False,True,True,False,True,True
2026_03_12,pod_do_fault_catalogue-db_001,ok,normal_obo6ci,2026-03-12 04:12:41.960159,2026-03-12 04:17:41.960159,138,92,22,14,max_epsilon,catalogue-db,catalogue-db-0,True,carts-db,carts-db|user|queue-master,carts-db|user|queue-master|catalogue|carts,carts-db-0,carts-db-0|user-5c64496568-xhbmp|queue-master-5bb5566684-24lr5,carts-db-0|user-5c64496568-xhbmp|queue-master-5bb5566684-24lr5|catalogue-58bdd4d4f9-qtnpk|carts-5b77c45b65-4p8sp,False,False,False,False,False,False
2026_03_12,pod_network_partition_orders_001,ok,normal_obo6ci,2026-03-12 04:12:41.960159,2026-03-12 04:17:41.960159,131,74,22,14,max_epsilon,orders,orders-94d48dc8-9smxp,False,orders,orders|catalogue|front-end,orders|catalogue|front-end|carts|carts-db,orders-94d48dc8-9smxp,orders-94d48dc8-9smxp|orders-94d48dc8-7xwrn|catalogue-58bdd4d4f9-qtnpk,orders-94d48dc8-9smxp|orders-94d48dc8-7xwrn|catalogue-58bdd4d4f9-qtnpk|front-end-65f844fc76-s269x|carts-5b77c45b65-4p8sp,True,True,True,True,True,True
2026_03_12,pod_network_delay_front-end_001,ok,normal_obo6ci,2026-03-12 04:12:41.960159,2026-03-12 04:17:41.960159,125,76,22,14,max_epsilon,front-end,front-end-65f844fc76-s269x,False,front-end,front-end|carts-db|catalogue,front-end|carts-db|catalogue|carts|orders,front-end-65f844fc76-s269x,front-end-65f844fc76-s269x|carts-db-0|front-end-65f844fc76-4pkd6,front-end-65f844fc76-s269x|carts-db-0|front-end-65f844fc76-4pkd6|catalogue-58bdd4d4f9-qtnpk|carts-5b77c45b65-4p8sp,True,True,True,True,True,True
2026_03_12,pod_do_fault_user-db_001,ok,normal_eo7g31,2026-03-12 05:51:04.640507,2026-03-12 05:56:04.640507,141,110,22,14,max_epsilon,user-db,user-db-0,True,user,user|user-db|orders,user|user-db|orders|payment|orders-db,user-5c64496568-xhbmp,user-5c64496568-xhbmp|user-db-0|user-5c64496568-q4pst,user-5c64496568-xhbmp|user-db-0|user-5c64496568-q4pst|orders-94d48dc8-9smxp|orders-94d48dc8-7xwrn,False,True,True,False,True,True
2026_03_12,pod_network_loss_front-end_001,ok,normal_4nmguc,2026-03-12 06:24:11.501252,2026-03-12 06:29:11.501252,129,55,22,14,max_epsilon,front-end,front-end-65f844fc76-s269x,False,orders,orders|carts-db|catalogue,orders|carts-db|catalogue|carts|payment,orders-94d48dc8-9smxp,orders-94d48dc8-9smxp|carts-db-0|catalogue-58bdd4d4f9-qtnpk,orders-94d48dc8-9smxp|carts-db-0|catalogue-58bdd4d4f9-qtnpk|carts-5b77c45b65-4p8sp|payment-664c4d4c74-fjnln,False,False,False,False,False,False
2026_03_12,pod_cpu_hog_queue-master_001,ok,normal_4nmguc,2026-03-12 06:24:11.501252,2026-03-12 06:29:11.501252,129,67,21,13,max_epsilon,queue-master,queue-master-5bb5566684-6zh6n,False,orders,orders|carts|carts-db,orders|carts|carts-db|catalogue|user-db,orders-94d48dc8-9smxp,orders-94d48dc8-9smxp|orders-94d48dc8-7xwrn|carts-5b77c45b65-4p8sp,orders-94d48dc8-9smxp|orders-94d48dc8-7xwrn|carts-5b77c45b65-4p8sp|carts-db-0|carts-5b77c45b65-wqvh5,False,False,False,False,False,False
2026_03_12,pod_cpu_hog_user_001,ok,normal_4nmguc,2026-03-12 06:24:11.501252,2026-03-12 06:29:11.501252,131,64,22,14,max_epsilon,user,user-5c64496568-q4pst,False,orders,orders|carts|carts-db,orders|carts|carts-db|queue-master|session-db,orders-94d48dc8-9smxp,orders-94d48dc8-9smxp|carts-5b77c45b65-wqvh5|carts-db-0,orders-94d48dc8-9smxp|carts-5b77c45b65-wqvh5|carts-db-0|queue-master-5bb5566684-6zh6n|queue-master-5bb5566684-24lr5,False,False,False,False,False,False
2026_03_12,pod_network_delay_queue-master_001,ok,normal_vo2spa,2026-03-12 07:43:28.570310,2026-03-12 07:48:28.570310,129,60,22,14,max_epsilon,queue-master,queue-master-5bb5566684-6zh6n,False,orders,orders|catalogue|carts-db,orders|catalogue|carts-db|user|shipping,orders-94d48dc8-9smxp,orders-94d48dc8-9smxp|catalogue-58bdd4d4f9-fdnfw|carts-db-0,orders-94d48dc8-9smxp|catalogue-58bdd4d4f9-fdnfw|carts-db-0|user-5c64496568-xhbmp|shipping-66d8f78d5f-n8lvv,False,False,False,False,False,False
2026_03_12,pod_network_partition_catalogue_001,ok,normal_vo2spa,2026-03-12 07:43:28.570310,2026-03-12 07:48:28.570310,131,74,22,14,max_epsilon,catalogue,catalogue-58bdd4d4f9-fdnfw,False,catalogue,catalogue|front-end|orders,catalogue|front-end|orders|carts|catalogue-db,catalogue-58bdd4d4f9-fdnfw,catalogue-58bdd4d4f9-fdnfw|catalogue-58bdd4d4f9-qtnpk|front-end-65f844fc76-4pkd6,catalogue-58bdd4d4f9-fdnfw|catalogue-58bdd4d4f9-qtnpk|front-end-65f844fc76-4pkd6|orders-94d48dc8-9smxp|front-end-65f844fc76-s269x,True,True,True,True,True,True
2026_03_12,pod_cpu_hog_catalogue_001,ok,normal_vo2spa,2026-03-12 07:43:28.570310,2026-03-12 07:48:28.570310,131,64,22,14,max_epsilon,catalogue,catalogue-58bdd4d4f9-qtnpk,False,orders,orders|front-end|user,orders|front-end|user|carts|shipping,orders-94d48dc8-7xwrn,orders-94d48dc8-7xwrn|front-end-65f844fc76-s269x|user-5c64496568-xhbmp,orders-94d48dc8-7xwrn|front-end-65f844fc76-s269x|user-5c64496568-xhbmp|carts-5b77c45b65-wqvh5|shipping-66d8f78d5f-n8lvv,False,False,False,False,False,False
2026_03_12,pod_network_loss_orders_001,ok,normal_vo2spa,2026-03-12 07:43:28.570310,2026-03-12 07:48:28.570310,132,76,22,14,max_epsilon,orders,orders-94d48dc8-9smxp,False,orders,orders|carts-db|carts,orders|carts-db|carts|front-end|user,orders-94d48dc8-7xwrn,orders-94d48dc8-7xwrn|carts-db-0|carts-5b77c45b65-wqvh5,orders-94d48dc8-7xwrn|carts-db-0|carts-5b77c45b65-wqvh5|front-end-65f844fc76-s269x|user-5c64496568-xhbmp,True,True,True,False,False,False
2026_03_12,pod_network_delay_shipping_001,ok,normal_vo2spa,2026-03-12 07:43:28.570310,2026-03-12 07:48:28.570310,129,61,22,14,max_epsilon,shipping,shipping-66d8f78d5f-n8lvv,False,orders,orders|shipping|carts,orders|shipping|carts|carts-db|user,orders-94d48dc8-9smxp,orders-94d48dc8-9smxp|shipping-66d8f78d5f-n8lvv|carts-5b77c45b65-wqvh5,orders-94d48dc8-9smxp|shipping-66d8f78d5f-n8lvv|carts-5b77c45b65-wqvh5|carts-db-0|user-5c64496568-xhbmp,False,True,True,False,True,True
2026_03_12,pod_memory_hog_payment_001,ok,normal_vo2spa,2026-03-12 07:43:28.570310,2026-03-12 07:48:28.570310,131,78,22,14,max_epsilon,user,payment-664c4d4c74-fjnln,False,orders,orders|carts|catalogue,orders|carts|catalogue|front-end|shipping,orders-94d48dc8-7xwrn,orders-94d48dc8-7xwrn|orders-94d48dc8-9smxp|carts-5b77c45b65-4p8sp,orders-94d48dc8-7xwrn|orders-94d48dc8-9smxp|carts-5b77c45b65-4p8sp|catalogue-58bdd4d4f9-qtnpk|carts-5b77c45b65-wqvh5,False,False,False,False,False,False
2026_03_12,pod_do_fault_shipping_001,ok,normal_vo2spa,2026-03-12 07:43:28.570310,2026-03-12 07:48:28.570310,138,75,22,14,max_epsilon,shipping,shipping-66d8f78d5f-n8lvv,False,shipping,shipping|front-end|orders,shipping|front-end|orders|user-db|user,shipping-66d8f78d5f-n8lvv,shipping-66d8f78d5f-n8lvv|front-end-65f844fc76-4pkd6|orders-94d48dc8-9smxp,shipping-66d8f78d5f-n8lvv|front-end-65f844fc76-4pkd6|orders-94d48dc8-9smxp|user-db-0|user-5c64496568-xhbmp,True,True,True,True,True,True
2026_03_12,pod_do_fault_payment_001,ok,normal_vo2spa,2026-03-12 07:43:28.570310,2026-03-12 07:48:28.570310,135,74,22,14,max_epsilon,payment,payment-664c4d4c74-2jg6l,False,payment,payment|orders|front-end,payment|orders|front-end|carts|user,payment-664c4d4c74-2jg6l,payment-664c4d4c74-2jg6l|orders-94d48dc8-9smxp|front-end-65f844fc76-4pkd6,payment-664c4d4c74-2jg6l|orders-94d48dc8-9smxp|front-end-65f844fc76-4pkd6|orders-94d48dc8-7xwrn|payment-664c4d4c74-fjnln,True,True,True,True,True,True
2026_03_12,pod_memory_hog_orders_001,ok,normal_vo2spa,2026-03-12 07:43:28.570310,2026-03-12 07:48:28.570310,127,53,22,14,max_epsilon,orders,orders-94d48dc8-7xwrn,False,orders,orders|user|carts,orders|user|carts|front-end|payment,orders-94d48dc8-9smxp,orders-94d48dc8-9smxp|orders-94d48dc8-7xwrn|user-5c64496568-xhbmp,orders-94d48dc8-9smxp|orders-94d48dc8-7xwrn|user-5c64496568-xhbmp|carts-5b77c45b65-4p8sp|front-end-65f844fc76-s269x,True,True,True,False,True,True
2026_03_12,pod_network_partition_user_001,ok,normal_vo2spa,2026-03-12 07:43:28.570310,2026-03-12 07:48:28.570310,133,68,21,13,max_epsilon,user,user-5c64496568-xhbmp,False,user,user|orders|front-end,user|orders|front-end|carts|catalogue,user-5c64496568-xhbmp,user-5c64496568-xhbmp|user-5c64496568-q4pst|orders-94d48dc8-7xwrn,user-5c64496568-xhbmp|user-5c64496568-q4pst|orders-94d48dc8-7xwrn|orders-94d48dc8-9smxp|front-end-65f844fc76-4pkd6,True,True,True,True,True,True
2026_03_12,pod_cpu_hog_carts_001,ok,normal_ahrr30,2026-03-12 10:39:23.607461,2026-03-12 10:44:23.607461,130,88,22,14,max_epsilon,carts,carts-5b77c45b65-wqvh5,False,orders,orders|carts|user,orders|carts|user|session-db|front-end,orders-94d48dc8-7xwrn,orders-94d48dc8-7xwrn|carts-5b77c45b65-4p8sp|user-5c64496568-xhbmp,orders-94d48dc8-7xwrn|carts-5b77c45b65-4p8sp|user-5c64496568-xhbmp|user-5c64496568-q4pst|session-db-0,False,True,True,False,False,False
2026_03_12,pod_do_fault_queue-master_001,ok,normal_ahrr30,2026-03-12 10:39:23.607461,2026-03-12 10:44:23.607461,130,60,21,13,max_epsilon,queue-master,queue-master-5bb5566684-24lr5,False,orders,orders|queue-master|front-end,orders|queue-master|front-end|catalogue|rabbitmq,orders-94d48dc8-7xwrn,orders-94d48dc8-7xwrn|queue-master-5bb5566684-24lr5|front-end-65f844fc76-4pkd6,orders-94d48dc8-7xwrn|queue-master-5bb5566684-24lr5|front-end-65f844fc76-4pkd6|queue-master-5bb5566684-6zh6n|front-end-65f844fc76-s269x,False,True,True,False,True,True
2026_03_12,pod_network_delay_carts_001,ok,normal_ahrr30,2026-03-12 10:39:23.607461,2026-03-12 10:44:23.607461,129,93,22,14,max_epsilon,carts,carts-5b77c45b65-wqvh5,False,carts,carts|carts-db|front-end,carts|carts-db|front-end|orders|user,carts-5b77c45b65-wqvh5,carts-5b77c45b65-wqvh5|carts-5b77c45b65-4p8sp|carts-db-0,carts-5b77c45b65-wqvh5|carts-5b77c45b65-4p8sp|carts-db-0|front-end-65f844fc76-s269x|front-end-65f844fc76-4pkd6,True,True,True,True,True,True
2026_03_12,pod_cpu_hog_front-end_001,ok,normal_ahrr30,2026-03-12 10:39:23.607461,2026-03-12 10:44:23.607461,126,52,21,13,max_epsilon,front-end,front-end-65f844fc76-4pkd6,False,orders,orders|carts|front-end,orders|carts|front-end|catalogue|carts-db,orders-94d48dc8-7xwrn,orders-94d48dc8-7xwrn|carts-5b77c45b65-4p8sp|front-end-65f844fc76-s269x,orders-94d48dc8-7xwrn|carts-5b77c45b65-4p8sp|front-end-65f844fc76-s269x|catalogue-58bdd4d4f9-qtnpk|carts-5b77c45b65-wqvh5,False,True,True,False,False,False
2026_03_12,pod_do_fault_catalogue_001,ok,normal_ahrr30,2026-03-12 10:39:23.607461,2026-03-12 10:44:23.607461,131,73,22,14,max_epsilon,catalogue,catalogue-58bdd4d4f9-fdnfw,False,catalogue,catalogue|orders|carts-db,catalogue|orders|carts-db|queue-master|orders-db,catalogue-58bdd4d4f9-fdnfw,catalogue-58bdd4d4f9-fdnfw|catalogue-58bdd4d4f9-qtnpk|orders-94d48dc8-7xwrn,catalogue-58bdd4d4f9-fdnfw|catalogue-58bdd4d4f9-qtnpk|orders-94d48dc8-7xwrn|orders-94d48dc8-9smxp|carts-db-0,True,True,True,True,True,True
2026_03_12,pod_network_delay_user_001,ok,normal_ahrr30,2026-03-12 10:39:23.607461,2026-03-12 10:44:23.607461,125,62,21,13,max_epsilon,user,user-5c64496568-xhbmp,False,catalogue,catalogue|front-end|orders,catalogue|front-end|orders|carts|user,catalogue-58bdd4d4f9-fdnfw,catalogue-58bdd4d4f9-fdnfw|front-end-65f844fc76-4pkd6|front-end-65f844fc76-s269x,catalogue-58bdd4d4f9-fdnfw|front-end-65f844fc76-4pkd6|front-end-65f844fc76-s269x|orders-94d48dc8-7xwrn|catalogue-58bdd4d4f9-qtnpk,False,False,True,False,False,False
2026_03_12,pod_io_fault_user-db_001,ok,normal_ahrr30,2026-03-12 10:39:23.607461,2026-03-12 10:44:23.607461,131,81,22,14,max_epsilon,user-db,user-db-0,True,user-db,user-db|user|catalogue,user-db|user|catalogue|queue-master|front-end,user-db-0,user-db-0|user-5c64496568-xhbmp|catalogue-58bdd4d4f9-fdnfw,user-db-0|user-5c64496568-xhbmp|catalogue-58bdd4d4f9-fdnfw|queue-master-5bb5566684-6zh6n|user-5c64496568-q4pst,True,True,True,True,True,True
2026_03_12,pod_do_fault_user_001,ok,normal_a3f48q,2026-03-12 12:48:58.149188,2026-03-12 12:53:58.149188,133,76,22,14,max_epsilon,user,user-5c64496568-q4pst,False,user,user|front-end|user-db,user|front-end|user-db|orders|payment,user-5c64496568-q4pst,user-5c64496568-q4pst|user-5c64496568-xhbmp|front-end-65f844fc76-4pkd6,user-5c64496568-q4pst|user-5c64496568-xhbmp|front-end-65f844fc76-4pkd6|user-db-0|orders-94d48dc8-7xwrn,True,True,True,True,True,True
2026_03_12,pod_network_loss_shipping_001,ok,normal_a3f48q,2026-03-12 12:48:58.149188,2026-03-12 12:53:58.149188,127,71,22,14,max_epsilon,shipping,shipping-66d8f78d5f-qs6t2,False,user,user|user-db|front-end,user|user-db|front-end|orders|catalogue,user-5c64496568-q4pst,user-5c64496568-q4pst|user-db-0|front-end-65f844fc76-4pkd6,user-5c64496568-q4pst|user-db-0|front-end-65f844fc76-4pkd6|orders-94d48dc8-7xwrn|catalogue-58bdd4d4f9-fdnfw,False,False,False,False,False,False
2026_03_12,pod_memory_hog_carts_001,ok,normal_a3f48q,2026-03-12 12:48:58.149188,2026-03-12 12:53:58.149188,129,77,22,14,max_epsilon,carts,carts-5b77c45b65-wqvh5,False,user,user|user-db|front-end,user|user-db|front-end|carts|orders,user-5c64496568-q4pst,user-5c64496568-q4pst|user-db-0|front-end-65f844fc76-4pkd6,user-5c64496568-q4pst|user-db-0|front-end-65f844fc76-4pkd6|carts-5b77c45b65-wqvh5|orders-94d48dc8-7xwrn,False,False,True,False,False,True
2026_03_12,pod_memory_hog_front-end_001,ok,normal_lokvnp,2026-03-12 13:55:12.605122,2026-03-12 14:00:12.605122,128,75,22,14,max_epsilon,front-end,front-end-65f844fc76-4pkd6,False,orders,orders|user|queue-master,orders|user|queue-master|catalogue|orders-db,orders-94d48dc8-9smxp,orders-94d48dc8-9smxp|user-5c64496568-q4pst|queue-master-5bb5566684-24lr5,orders-94d48dc8-9smxp|user-5c64496568-q4pst|queue-master-5bb5566684-24lr5|catalogue-58bdd4d4f9-qtnpk|orders-db-0,False,False,False,False,False,False
2026_03_12,pod_memory_hog_user_001,ok,normal_lokvnp,2026-03-12 13:55:12.605122,2026-03-12 14:00:12.605122,129,67,22,14,max_epsilon,user,user-5c64496568-q4pst,False,carts-db,carts-db|user|carts,carts-db|user|carts|orders|front-end,carts-db-0,carts-db-0|user-5c64496568-q4pst|carts-5b77c45b65-4p8sp,carts-db-0|user-5c64496568-q4pst|carts-5b77c45b65-4p8sp|carts-5b77c45b65-wqvh5|orders-94d48dc8-7xwrn,False,True,True,False,True,True
2026_03_12,pod_cpu_hog_user-db_001,ok,normal_lokvnp,2026-03-12 13:55:12.605122,2026-03-12 14:00:12.605122,126,72,22,14,max_epsilon,user-db,user-db-0,True,orders,orders|orders-db|carts-db,orders|orders-db|carts-db|carts|shipping,orders-94d48dc8-7xwrn,orders-94d48dc8-7xwrn|orders-94d48dc8-9smxp|orders-db-0,orders-94d48dc8-7xwrn|orders-94d48dc8-9smxp|orders-db-0|carts-db-0|carts-5b77c45b65-wqvh5,False,False,False,False,False,False
2026_03_12,pod_cpu_hog_rabbitmq_001,ok,normal_lokvnp,2026-03-12 13:55:12.605122,2026-03-12 14:00:12.605122,130,93,22,14,max_epsilon,rabbitmq,rabbitmq-0,True,user,user|orders|orders-db,user|orders|orders-db|catalogue|carts-db,user-5c64496568-q4pst,user-5c64496568-q4pst|orders-94d48dc8-7xwrn|user-5c64496568-xhbmp,user-5c64496568-q4pst|orders-94d48dc8-7xwrn|user-5c64496568-xhbmp|orders-94d48dc8-9smxp|orders-db-0,False,False,False,False,False,False
2026_03_12,pod_memory_hog_shipping_001,ok,normal_m7ek0v,2026-03-12 15:15:34.361474,2026-03-12 15:20:34.361474,131,98,22,14,max_epsilon,shipping,shipping-66d8f78d5f-qs6t2,False,user,user|user-db|orders,user|user-db|orders|session-db|queue-master,user-5c64496568-q4pst,user-5c64496568-q4pst|user-db-0|orders-94d48dc8-9smxp,user-5c64496568-q4pst|user-db-0|orders-94d48dc8-9smxp|user-5c64496568-xhbmp|session-db-0,False,False,False,False,False,False
2026_03_12,pod_network_partition_front-end_001,ok,normal_m7ek0v,2026-03-12 15:15:34.361474,2026-03-12 15:20:34.361474,123,75,22,14,max_epsilon,front-end,front-end-65f844fc76-s269x,False,front-end,front-end|user|user-db,front-end|user|user-db|orders|carts-db,front-end-65f844fc76-s269x,front-end-65f844fc76-s269x|front-end-65f844fc76-4pkd6|user-5c64496568-q4pst,front-end-65f844fc76-s269x|front-end-65f844fc76-4pkd6|user-5c64496568-q4pst|user-db-0|orders-94d48dc8-7xwrn,True,True,True,True,True,True
2026_03_12,pod_network_delay_orders_001,ok,normal_m7ek0v,2026-03-12 15:15:34.361474,2026-03-12 15:20:34.361474,129,87,22,14,max_epsilon,orders,orders-94d48dc8-9smxp,False,user,user|user-db|orders,user|user-db|orders|front-end|carts,user-5c64496568-q4pst,user-5c64496568-q4pst|user-db-0|orders-94d48dc8-7xwrn,user-5c64496568-q4pst|user-db-0|orders-94d48dc8-7xwrn|orders-94d48dc8-9smxp|front-end-65f844fc76-4pkd6,False,True,True,False,False,True
2026_03_12,pod_network_partition_payment_001,ok,normal_m7ek0v,2026-03-12 15:15:34.361474,2026-03-12 15:20:34.361474,134,73,22,14,max_epsilon,payment,payment-664c4d4c74-2jg6l,False,payment,payment|user|user-db,payment|user|user-db|orders|front-end,payment-664c4d4c74-2jg6l,payment-664c4d4c74-2jg6l|user-5c64496568-q4pst|user-db-0,payment-664c4d4c74-2jg6l|user-5c64496568-q4pst|user-db-0|orders-94d48dc8-9smxp|front-end-65f844fc76-s269x,True,True,True,True,True,True
2026_03_12,pod_memory_hog_queue-master_001,ok,normal_m7ek0v,2026-03-12 15:15:34.361474,2026-03-12 15:20:34.361474,129,81,22,14,max_epsilon,queue-master,queue-master-5bb5566684-6zh6n,False,user,user|user-db|carts,user|user-db|carts|orders|carts-db,user-5c64496568-q4pst,user-5c64496568-q4pst|user-db-0|carts-5b77c45b65-wqvh5,user-5c64496568-q4pst|user-db-0|carts-5b77c45b65-wqvh5|orders-94d48dc8-7xwrn|carts-5b77c45b65-4p8sp,False,False,False,False,False,False
2026_03_12,pod_network_loss_queue-master_001,ok,normal_m7ek0v,2026-03-12 15:15:34.361474,2026-03-12 15:20:34.361474,125,62,22,14,max_epsilon,queue-master,queue-master-5bb5566684-6zh6n,False,user,user|user-db|orders,user|user-db|orders|carts|front-end,user-5c64496568-q4pst,user-5c64496568-q4pst|user-db-0|orders-94d48dc8-7xwrn,user-5c64496568-q4pst|user-db-0|orders-94d48dc8-7xwrn|carts-5b77c45b65-wqvh5|front-end-65f844fc76-4pkd6,False,False,False,False,False,False
2026_03_12,pod_cpu_hog_session-db_001,ok,normal_m7ek0v,2026-03-12 15:15:34.361474,2026-03-12 15:20:34.361474,126,65,22,14,max_epsilon,session-db,session-db-0,True,user,user|user-db|orders,user|user-db|orders|carts|shipping,user-5c64496568-q4pst,user-5c64496568-q4pst|user-db-0|orders-94d48dc8-7xwrn,user-5c64496568-q4pst|user-db-0|orders-94d48dc8-7xwrn|carts-5b77c45b65-wqvh5|orders-94d48dc8-9smxp,False,False,False,False,False,False
2026_03_12,pod_do_fault_orders_001,ok,normal_m7ek0v,2026-03-12 15:15:34.361474,2026-03-12 15:20:34.361474,134,89,22,14,max_epsilon,orders,orders-94d48dc8-7xwrn,False,orders,orders|front-end|user,orders|front-end|user|carts|user-db,orders-94d48dc8-7xwrn,orders-94d48dc8-7xwrn|front-end-65f844fc76-4pkd6|user-5c64496568-q4pst,orders-94d48dc8-7xwrn|front-end-65f844fc76-4pkd6|user-5c64496568-q4pst|carts-5b77c45b65-4p8sp|user-db-0,True,True,True,True,True,True
2026_03_12,pod_do_fault_carts-db_001,ok,normal_m7ek0v,2026-03-12 15:15:34.361474,2026-03-12 15:20:34.361474,144,128,22,14,max_epsilon,carts-db,carts-db-0,True,orders,orders|carts|user,orders|carts|user|carts-db|front-end,orders-94d48dc8-7xwrn,orders-94d48dc8-7xwrn|carts-5b77c45b65-wqvh5|user-5c64496568-q4pst,orders-94d48dc8-7xwrn|carts-5b77c45b65-wqvh5|user-5c64496568-q4pst|carts-db-0|carts-5b77c45b65-4p8sp,False,False,True,False,False,True
2026_03_12,pod_cpu_hog_orders-db_001,ok,normal_vo87zf,2026-03-12 18:01:18.317062,2026-03-12 18:06:18.317062,131,86,22,14,max_epsilon,orders-db,orders-db-0,True,front-end,front-end|catalogue|user,front-end|catalogue|user|shipping|orders,front-end-65f844fc76-4pkd6,front-end-65f844fc76-4pkd6|catalogue-58bdd4d4f9-qtnpk|user-5c64496568-xhbmp,front-end-65f844fc76-4pkd6|catalogue-58bdd4d4f9-qtnpk|user-5c64496568-xhbmp|shipping-66d8f78d5f-n8lvv|orders-94d48dc8-7xwrn,False,False,False,False,False,False
2026_03_12,pod_do_fault_carts_001,ok,normal_vo87zf,2026-03-12 18:01:18.317062,2026-03-12 18:06:18.317062,140,76,22,14,max_epsilon,carts,carts-5b77c45b65-4p8sp,False,carts,carts|front-end|carts-db,carts|front-end|carts-db|orders|shipping,carts-5b77c45b65-4p8sp,carts-5b77c45b65-4p8sp|front-end-65f844fc76-s269x|carts-db-0,carts-5b77c45b65-4p8sp|front-end-65f844fc76-s269x|carts-db-0|carts-5b77c45b65-wqvh5|orders-94d48dc8-9smxp,True,True,True,True,True,True
2026_03_12,pod_network_loss_payment_001,ok,normal_vo87zf,2026-03-12 18:01:18.317062,2026-03-12 18:06:18.317062,131,89,22,14,max_epsilon,payment,payment-664c4d4c74-fjnln,False,carts,carts|front-end|orders,carts|front-end|orders|user|shipping,carts-5b77c45b65-4p8sp,carts-5b77c45b65-4p8sp|front-end-65f844fc76-s269x|front-end-65f844fc76-4pkd6,carts-5b77c45b65-4p8sp|front-end-65f844fc76-s269x|front-end-65f844fc76-4pkd6|orders-94d48dc8-9smxp|user-5c64496568-q4pst,False,False,False,False,False,False
2026_03_12,pod_network_loss_carts_001,ok,normal_ei9gi5,2026-03-12 19:01:34.430216,2026-03-12 19:06:34.430216,129,62,22,14,max_epsilon,carts,carts-5b77c45b65-wqvh5,False,carts-db,carts-db|queue-master|orders,carts-db|queue-master|orders|shipping|rabbitmq,carts-db-0,carts-db-0|queue-master-5bb5566684-6zh6n|orders-94d48dc8-7xwrn,carts-db-0|queue-master-5bb5566684-6zh6n|orders-94d48dc8-7xwrn|orders-94d48dc8-9smxp|shipping-66d8f78d5f-qs6t2,False,False,False,False,False,False
2026_03_12,pod_cpu_hog_shipping_001,ok,normal_ei9gi5,2026-03-12 19:01:34.430216,2026-03-12 19:06:34.430216,127,56,22,14,max_epsilon,shipping,shipping-66d8f78d5f-n8lvv,False,payment,payment|shipping|front-end,payment|shipping|front-end|orders|catalogue-db,payment-664c4d4c74-fjnln,payment-664c4d4c74-fjnln|shipping-66d8f78d5f-qs6t2|front-end-65f844fc76-s269x,payment-664c4d4c74-fjnln|shipping-66d8f78d5f-qs6t2|front-end-65f844fc76-s269x|orders-94d48dc8-9smxp|front-end-65f844fc76-4pkd6,False,True,True,False,False,False
2026_03_12,pod_network_delay_payment_001,ok,normal_ei9gi5,2026-03-12 19:01:34.430216,2026-03-12 19:06:34.430216,125,71,22,14,max_epsilon,payment,payment-664c4d4c74-2jg6l,False,front-end,front-end|orders|user,front-end|orders|user|shipping|carts,front-end-65f844fc76-4pkd6,front-end-65f844fc76-4pkd6|front-end-65f844fc76-s269x|orders-94d48dc8-7xwrn,front-end-65f844fc76-4pkd6|front-end-65f844fc76-s269x|orders-94d48dc8-7xwrn|user-5c64496568-q4pst|shipping-66d8f78d5f-qs6t2,False,False,False,False,False,False
2026_03_12,pod_network_loss_catalogue_001,ok,normal_ei9gi5,2026-03-12 19:01:34.430216,2026-03-12 19:06:34.430216,127,75,22,14,max_epsilon,catalogue,catalogue-58bdd4d4f9-qtnpk,False,carts,carts|orders|shipping,carts|orders|shipping|user|payment,carts-5b77c45b65-4p8sp,carts-5b77c45b65-4p8sp|orders-94d48dc8-7xwrn|shipping-66d8f78d5f-qs6t2,carts-5b77c45b65-4p8sp|orders-94d48dc8-7xwrn|shipping-66d8f78d5f-qs6t2|user-5c64496568-q4pst|payment-664c4d4c74-2jg6l,False,False,False,False,False,False
2026_03_12,pod_network_partition_shipping_001,ok,normal_ei9gi5,2026-03-12 19:01:34.430216,2026-03-12 19:06:34.430216,132,76,22,14,max_epsilon,shipping,shipping-66d8f78d5f-n8lvv,False,shipping,shipping|orders|carts,shipping|orders|carts|catalogue-db|front-end,shipping-66d8f78d5f-n8lvv,shipping-66d8f78d5f-n8lvv|orders-94d48dc8-7xwrn|orders-94d48dc8-9smxp,shipping-66d8f78d5f-n8lvv|orders-94d48dc8-7xwrn|orders-94d48dc8-9smxp|carts-5b77c45b65-4p8sp|catalogue-db-0,True,True,True,True,True,True
2026_03_12,pod_java_exception_orders_001,ok,normal_ei9gi5,2026-03-12 19:01:34.430216,2026-03-12 19:06:34.430216,136,93,22,14,max_epsilon,orders,orders-94d48dc8-7xwrn,False,orders,orders|shipping|user,orders|shipping|user|carts|carts-db,orders-94d48dc8-9smxp,orders-94d48dc8-9smxp|orders-94d48dc8-7xwrn|shipping-66d8f78d5f-n8lvv,orders-94d48dc8-9smxp|orders-94d48dc8-7xwrn|shipping-66d8f78d5f-n8lvv|user-5c64496568-xhbmp|carts-5b77c45b65-4p8sp,True,True,True,False,True,True
2026_03_12,pod_network_delay_catalogue_001,ok,normal_ei9gi5,2026-03-12 19:01:34.430216,2026-03-12 19:06:34.430216,131,85,22,14,max_epsilon,catalogue,catalogue-58bdd4d4f9-qtnpk,False,orders,orders|shipping|carts,orders|shipping|carts|payment|catalogue-db,orders-94d48dc8-7xwrn,orders-94d48dc8-7xwrn|orders-94d48dc8-9smxp|shipping-66d8f78d5f-n8lvv,orders-94d48dc8-7xwrn|orders-94d48dc8-9smxp|shipping-66d8f78d5f-n8lvv|carts-5b77c45b65-4p8sp|payment-664c4d4c74-fjnln,False,False,False,False,False,False
2026_03_12,pod_do_fault_front-end_001,ok,normal_ei9gi5,2026-03-12 19:01:34.430216,2026-03-12 19:06:34.430216,132,96,22,14,max_epsilon,front-end,front-end-65f844fc76-4pkd6,False,front-end,front-end|orders|shipping,front-end|orders|shipping|carts-db|carts,front-end-65f844fc76-4pkd6,front-end-65f844fc76-4pkd6|front-end-65f844fc76-s269x|orders-94d48dc8-7xwrn,front-end-65f844fc76-4pkd6|front-end-65f844fc76-s269x|orders-94d48dc8-7xwrn|shipping-66d8f78d5f-n8lvv|carts-db-0,True,True,True,True,True,True
2026_03_12,pod_java_exception_carts_001,ok,normal_ei9gi5,2026-03-12 19:01:34.430216,2026-03-12 19:06:34.430216,136,104,22,14,max_epsilon,carts,carts-5b77c45b65-4p8sp,False,front-end,front-end|carts-db|carts,front-end|carts-db|carts|orders|shipping,front-end-65f844fc76-4pkd6,front-end-65f844fc76-4pkd6|carts-db-0|carts-5b77c45b65-4p8sp,front-end-65f844fc76-4pkd6|carts-db-0|carts-5b77c45b65-4p8sp|orders-94d48dc8-7xwrn|orders-94d48dc8-9smxp,False,True,True,False,True,True
2026_03_12,pod_io_fault_orders-db_001,ok,normal_qrb1l7,2026-03-12 21:58:19.675319,2026-03-12 22:03:19.675319,132,85,22,14,max_epsilon,orders-db,orders-db-0,True,front-end,front-end|queue-master|carts-db,front-end|queue-master|carts-db|orders-db|carts,front-end-65f844fc76-s269x,front-end-65f844fc76-s269x|front-end-65f844fc76-4pkd6|queue-master-5bb5566684-24lr5,front-end-65f844fc76-s269x|front-end-65f844fc76-4pkd6|queue-master-5bb5566684-24lr5|carts-db-0|orders-db-0,False,False,True,False,False,True
2026_03_12,pod_cpu_hog_orders_001,ok,normal_qrb1l7,2026-03-12 21:58:19.675319,2026-03-12 22:03:19.675319,130,75,22,14,max_epsilon,orders,orders-94d48dc8-7xwrn,False,front-end,front-end|carts|shipping,front-end|carts|shipping|user|orders-db,front-end-65f844fc76-4pkd6,front-end-65f844fc76-4pkd6|carts-5b77c45b65-4p8sp|shipping-66d8f78d5f-n8lvv,front-end-65f844fc76-4pkd6|carts-5b77c45b65-4p8sp|shipping-66d8f78d5f-n8lvv|user-5c64496568-xhbmp|orders-db-0,False,False,False,False,False,False
2026_03_13,pod_java_exception_carts_001,ok,normal_dbof91,2026-03-13 04:47:25.392351,2026-03-13 04:52:25.392351,133,87,22,14,max_epsilon,carts,carts-5b77c45b65-4p8sp,False,orders,orders|carts-db|carts,orders|carts-db|carts|front-end|user,orders-94d48dc8-7xwrn,orders-94d48dc8-7xwrn|carts-db-0|carts-5b77c45b65-4p8sp,orders-94d48dc8-7xwrn|carts-db-0|carts-5b77c45b65-4p8sp|front-end-65f844fc76-4pkd6|user-5c64496568-q4pst,False,True,True,False,True,True
2026_03_13,pod_network_loss_front-end_001,ok,normal_dbof91,2026-03-13 04:47:25.392351,2026-03-13 04:52:25.392351,127,71,22,14,max_epsilon,front-end,front-end-65f844fc76-s269x,False,orders,orders|front-end|user,orders|front-end|user|user-db|carts,orders-94d48dc8-7xwrn,orders-94d48dc8-7xwrn|front-end-65f844fc76-4pkd6|user-5c64496568-q4pst,orders-94d48dc8-7xwrn|front-end-65f844fc76-4pkd6|user-5c64496568-q4pst|user-db-0|carts-5b77c45b65-wqvh5,False,True,True,False,False,False
2026_03_13,pod_network_delay_catalogue_001,ok,normal_dbof91,2026-03-13 04:47:25.392351,2026-03-13 04:52:25.392351,127,80,22,14,max_epsilon,catalogue,catalogue-58bdd4d4f9-qtnpk,False,orders,orders|front-end|user,orders|front-end|user|carts|user-db,orders-94d48dc8-7xwrn,orders-94d48dc8-7xwrn|front-end-65f844fc76-4pkd6|user-5c64496568-q4pst,orders-94d48dc8-7xwrn|front-end-65f844fc76-4pkd6|user-5c64496568-q4pst|carts-5b77c45b65-wqvh5|user-db-0,False,False,False,False,False,False
2026_03_13,pod_memory_hog_carts_001,ok,normal_dbof91,2026-03-13 04:47:25.392351,2026-03-13 04:52:25.392351,129,76,22,14,max_epsilon,carts,carts-5b77c45b65-wqvh5,False,orders,orders|front-end|user,orders|front-end|user|user-db|carts,orders-94d48dc8-7xwrn,orders-94d48dc8-7xwrn|front-end-65f844fc76-4pkd6|user-5c64496568-q4pst,orders-94d48dc8-7xwrn|front-end-65f844fc76-4pkd6|user-5c64496568-q4pst|user-db-0|carts-5b77c45b65-4p8sp,False,False,True,False,False,False
2026_03_13,pod_cpu_hog_user_001,ok,normal_dbof91,2026-03-13 04:47:25.392351,2026-03-13 04:52:25.392351,128,86,22,14,max_epsilon,user,user-5c64496568-q4pst,False,orders,orders|front-end|user,orders|front-end|user|user-db|carts,orders-94d48dc8-7xwrn,orders-94d48dc8-7xwrn|front-end-65f844fc76-4pkd6|user-5c64496568-q4pst,orders-94d48dc8-7xwrn|front-end-65f844fc76-4pkd6|user-5c64496568-q4pst|user-db-0|carts-5b77c45b65-4p8sp,False,True,True,False,True,True
2026_03_13,pod_network_partition_shipping_001,ok,normal_dbof91,2026-03-13 04:47:25.392351,2026-03-13 04:52:25.392351,135,86,22,14,max_epsilon,shipping,shipping-66d8f78d5f-n8lvv,False,orders,orders|shipping|user,orders|shipping|user|user-db|front-end,orders-94d48dc8-7xwrn,orders-94d48dc8-7xwrn|shipping-66d8f78d5f-n8lvv|user-5c64496568-q4pst,orders-94d48dc8-7xwrn|shipping-66d8f78d5f-n8lvv|user-5c64496568-q4pst|user-db-0|front-end-65f844fc76-4pkd6,False,True,True,False,True,True
2026_03_13,pod_cpu_hog_shipping_001,ok,normal_dbof91,2026-03-13 04:47:25.392351,2026-03-13 04:52:25.392351,130,73,21,14,max_epsilon,shipping,shipping-66d8f78d5f-n8lvv,False,orders,orders|user|front-end,orders|user|front-end|carts|user-db,orders-94d48dc8-7xwrn,orders-94d48dc8-7xwrn|user-5c64496568-q4pst|front-end-65f844fc76-4pkd6,orders-94d48dc8-7xwrn|user-5c64496568-q4pst|front-end-65f844fc76-4pkd6|carts-5b77c45b65-4p8sp|user-db-0,False,False,False,False,False,False
2026_03_13,pod_java_exception_orders_001,ok,normal_dbof91,2026-03-13 04:47:25.392351,2026-03-13 04:52:25.392351,136,92,22,14,max_epsilon,orders,orders-94d48dc8-7xwrn,False,orders,orders|front-end|user,orders|front-end|user|carts|orders-db,orders-94d48dc8-7xwrn,orders-94d48dc8-7xwrn|front-end-65f844fc76-4pkd6|user-5c64496568-q4pst,orders-94d48dc8-7xwrn|front-end-65f844fc76-4pkd6|user-5c64496568-q4pst|orders-94d48dc8-9smxp|carts-5b77c45b65-4p8sp,True,True,True,True,True,True
2026_03_13,pod_network_partition_carts_001,ok,normal_dbof91,2026-03-13 04:47:25.392351,2026-03-13 04:52:25.392351,134,104,22,14,max_epsilon,carts,carts-5b77c45b65-4p8sp,False,carts,carts|orders|front-end,carts|orders|front-end|user|carts-db,carts-5b77c45b65-4p8sp,carts-5b77c45b65-4p8sp|orders-94d48dc8-7xwrn|carts-5b77c45b65-wqvh5,carts-5b77c45b65-4p8sp|orders-94d48dc8-7xwrn|carts-5b77c45b65-wqvh5|front-end-65f844fc76-4pkd6|front-end-65f844fc76-s269x,True,True,True,True,True,True
2026_03_13,pod_network_loss_catalogue_001,ok,normal_dbof91,2026-03-13 04:47:25.392351,2026-03-13 04:52:25.392351,128,78,22,14,max_epsilon,catalogue,catalogue-58bdd4d4f9-qtnpk,False,orders,orders|user|front-end,orders|user|front-end|user-db|carts-db,orders-94d48dc8-7xwrn,orders-94d48dc8-7xwrn|user-5c64496568-q4pst|front-end-65f844fc76-4pkd6,orders-94d48dc8-7xwrn|user-5c64496568-q4pst|front-end-65f844fc76-4pkd6|user-db-0|carts-db-0,False,False,False,False,False,False
2026_03_13,pod_network_delay_carts_001,ok,normal_dbof91,2026-03-13 04:47:25.392351,2026-03-13 04:52:25.392351,128,82,22,14,max_epsilon,carts,carts-5b77c45b65-wqvh5,False,orders,orders|front-end|carts,orders|front-end|carts|user|user-db,orders-94d48dc8-7xwrn,orders-94d48dc8-7xwrn|front-end-65f844fc76-4pkd6|carts-5b77c45b65-4p8sp,orders-94d48dc8-7xwrn|front-end-65f844fc76-4pkd6|carts-5b77c45b65-4p8sp|carts-5b77c45b65-wqvh5|user-5c64496568-q4pst,False,True,True,False,False,True
2026_03_13,pod_do_fault_front-end_001,ok,normal_dbof91,2026-03-13 04:47:25.392351,2026-03-13 04:52:25.392351,130,88,22,14,max_epsilon,front-end,front-end-65f844fc76-4pkd6,False,front-end,front-end|orders|user,front-end|orders|user|carts|user-db,front-end-65f844fc76-4pkd6,front-end-65f844fc76-4pkd6|orders-94d48dc8-7xwrn|front-end-65f844fc76-s269x,front-end-65f844fc76-4pkd6|orders-94d48dc8-7xwrn|front-end-65f844fc76-s269x|user-5c64496568-q4pst|carts-5b77c45b65-wqvh5,True,True,True,True,True,True
2026_03_13,pod_do_fault_user_001,ok,normal_dbof91,2026-03-13 04:47:25.392351,2026-03-13 04:52:25.392351,135,76,22,14,max_epsilon,user,user-5c64496568-q4pst,False,orders,orders|user|front-end,orders|user|front-end|user-db|carts,orders-94d48dc8-7xwrn,orders-94d48dc8-7xwrn|user-5c64496568-q4pst|user-5c64496568-xhbmp,orders-94d48dc8-7xwrn|user-5c64496568-q4pst|user-5c64496568-xhbmp|front-end-65f844fc76-4pkd6|user-db-0,False,True,True,False,True,True
2026_03_13,pod_network_partition_front-end_001,ok,normal_dbof91,2026-03-13 04:47:25.392351,2026-03-13 04:52:25.392351,127,91,22,14,max_epsilon,front-end,front-end-65f844fc76-s269x,False,front-end,front-end|orders|carts,front-end|orders|carts|user|user-db,front-end-65f844fc76-s269x,front-end-65f844fc76-s269x|front-end-65f844fc76-4pkd6|orders-94d48dc8-7xwrn,front-end-65f844fc76-s269x|front-end-65f844fc76-4pkd6|orders-94d48dc8-7xwrn|carts-5b77c45b65-wqvh5|user-5c64496568-q4pst,True,True,True,True,True,True
2026_03_13,pod_cpu_hog_catalogue_001,ok,normal_dbof91,2026-03-13 04:47:25.392351,2026-03-13 04:52:25.392351,127,65,22,14,max_epsilon,catalogue,catalogue-58bdd4d4f9-qtnpk,False,orders,orders|front-end|carts,orders|front-end|carts|queue-master|shipping,orders-94d48dc8-7xwrn,orders-94d48dc8-7xwrn|front-end-65f844fc76-4pkd6|front-end-65f844fc76-s269x,orders-94d48dc8-7xwrn|front-end-65f844fc76-4pkd6|front-end-65f844fc76-s269x|carts-5b77c45b65-wqvh5|carts-5b77c45b65-4p8sp,False,False,False,False,False,False
2026_03_13,pod_do_fault_orders_001,ok,normal_dbof91,2026-03-13 04:47:25.392351,2026-03-13 04:52:25.392351,136,84,21,14,max_epsilon,orders,orders-94d48dc8-7xwrn,False,orders,orders|front-end|carts,orders|front-end|carts|carts-db|shipping,orders-94d48dc8-7xwrn,orders-94d48dc8-7xwrn|front-end-65f844fc76-4pkd6|carts-5b77c45b65-wqvh5,orders-94d48dc8-7xwrn|front-end-65f844fc76-4pkd6|carts-5b77c45b65-wqvh5|carts-db-0|shipping-66d8f78d5f-qs6t2,True,True,True,True,True,True
2026_03_13,pod_network_delay_front-end_001,ok,normal_dbof91,2026-03-13 04:47:25.392351,2026-03-13 04:52:25.392351,132,80,22,14,max_epsilon,front-end,front-end-65f844fc76-s269x,False,front-end,front-end|carts|carts-db,front-end|carts|carts-db|orders|user-db,front-end-65f844fc76-s269x,front-end-65f844fc76-s269x|front-end-65f844fc76-4pkd6|carts-5b77c45b65-wqvh5,front-end-65f844fc76-s269x|front-end-65f844fc76-4pkd6|carts-5b77c45b65-wqvh5|carts-db-0|orders-94d48dc8-9smxp,True,True,True,True,True,True
2026_03_13,pod_network_loss_orders_001,ok,normal_dbof91,2026-03-13 04:47:25.392351,2026-03-13 04:52:25.392351,132,63,22,14,max_epsilon,orders,orders-94d48dc8-9smxp,False,orders,orders|front-end|carts,orders|front-end|carts|carts-db|payment,orders-94d48dc8-7xwrn,orders-94d48dc8-7xwrn|front-end-65f844fc76-4pkd6|carts-5b77c45b65-wqvh5,orders-94d48dc8-7xwrn|front-end-65f844fc76-4pkd6|carts-5b77c45b65-wqvh5|carts-db-0|payment-664c4d4c74-fjnln,True,True,True,False,False,False
2026_03_13,pod_network_partition_queue-master_001,ok,normal_dbof91,2026-03-13 04:47:25.392351,2026-03-13 04:52:25.392351,130,68,22,14,max_epsilon,queue-master,queue-master-5bb5566684-24lr5,False,queue-master,queue-master|carts|orders,queue-master|carts|orders|front-end|catalogue,queue-master-5bb5566684-24lr5,queue-master-5bb5566684-24lr5|carts-5b77c45b65-wqvh5|orders-94d48dc8-7xwrn,queue-master-5bb5566684-24lr5|carts-5b77c45b65-wqvh5|orders-94d48dc8-7xwrn|front-end-65f844fc76-4pkd6|queue-master-5bb5566684-6zh6n,True,True,True,True,True,True
2026_03_13,pod_cpu_hog_orders_001,ok,normal_e2km70,2026-03-13 05:39:38.661312,2026-03-13 05:44:38.661312,131,56,22,14,max_epsilon,orders,orders-94d48dc8-7xwrn,False,catalogue,catalogue|carts-db|user,catalogue|carts-db|user|carts|shipping,catalogue-58bdd4d4f9-qtnpk,catalogue-58bdd4d4f9-qtnpk|catalogue-58bdd4d4f9-fdnfw|carts-db-0,catalogue-58bdd4d4f9-qtnpk|catalogue-58bdd4d4f9-fdnfw|carts-db-0|user-5c64496568-xhbmp|carts-5b77c45b65-wqvh5,False,False,False,False,False,False
2026_03_13,pod_network_delay_orders_001,ok,normal_e2km70,2026-03-13 05:39:38.661312,2026-03-13 05:44:38.661312,132,66,22,14,max_epsilon,orders,orders-94d48dc8-9smxp,False,user,user|user-db|orders,user|user-db|orders|carts|front-end,user-5c64496568-q4pst,user-5c64496568-q4pst|user-db-0|orders-94d48dc8-9smxp,user-5c64496568-q4pst|user-db-0|orders-94d48dc8-9smxp|carts-5b77c45b65-4p8sp|front-end-65f844fc76-s269x,False,True,True,False,True,True
2026_03_13,pod_network_delay_payment_001,ok,normal_e2km70,2026-03-13 05:39:38.661312,2026-03-13 05:44:38.661312,131,57,21,13,max_epsilon,payment,payment-664c4d4c74-2jg6l,False,user,user|user-db|front-end,user|user-db|front-end|carts|catalogue,user-5c64496568-q4pst,user-5c64496568-q4pst|user-db-0|front-end-65f844fc76-s269x,user-5c64496568-q4pst|user-db-0|front-end-65f844fc76-s269x|carts-5b77c45b65-4p8sp|catalogue-58bdd4d4f9-qtnpk,False,False,False,False,False,False
2026_03_13,pod_io_fault_user-db_001,ok,normal_o2c9sy,2026-03-13 06:44:57.899056,2026-03-13 06:49:57.899056,133,78,22,14,max_epsilon,user-db,user-db-0,True,front-end,front-end|carts-db|carts,front-end|carts-db|carts|user|orders,front-end-65f844fc76-s269x,front-end-65f844fc76-s269x|carts-db-0|carts-5b77c45b65-4p8sp,front-end-65f844fc76-s269x|carts-db-0|carts-5b77c45b65-4p8sp|user-5c64496568-xhbmp|orders-94d48dc8-9smxp,False,False,False,False,False,False
2026_03_13,pod_memory_hog_user_001,ok,normal_o2c9sy,2026-03-13 06:44:57.899056,2026-03-13 06:49:57.899056,131,66,22,14,max_epsilon,user,user-5c64496568-q4pst,False,front-end,front-end|user|user-db,front-end|user|user-db|orders|carts,front-end-65f844fc76-4pkd6,front-end-65f844fc76-4pkd6|user-5c64496568-q4pst|user-db-0,front-end-65f844fc76-4pkd6|user-5c64496568-q4pst|user-db-0|orders-94d48dc8-9smxp|carts-5b77c45b65-4p8sp,False,True,True,False,True,True
2026_03_13,pod_cpu_hog_front-end_001,ok,normal_vjthrm,2026-03-13 07:40:10.880230,2026-03-13 07:45:10.880230,129,71,22,14,max_epsilon,front-end,front-end-65f844fc76-4pkd6,False,front-end,front-end|carts|catalogue,front-end|carts|catalogue|orders|user,front-end-65f844fc76-4pkd6,front-end-65f844fc76-4pkd6|carts-5b77c45b65-wqvh5|catalogue-58bdd4d4f9-qtnpk,front-end-65f844fc76-4pkd6|carts-5b77c45b65-wqvh5|catalogue-58bdd4d4f9-qtnpk|orders-94d48dc8-7xwrn|user-5c64496568-xhbmp,True,True,True,True,True,True
2026_03_13,pod_network_partition_catalogue_001,ok,normal_vjthrm,2026-03-13 07:40:10.880230,2026-03-13 07:45:10.880230,129,58,22,14,max_epsilon,catalogue,catalogue-58bdd4d4f9-fdnfw,False,catalogue,catalogue|front-end|orders,catalogue|front-end|orders|user-db|user,catalogue-58bdd4d4f9-fdnfw,catalogue-58bdd4d4f9-fdnfw|catalogue-58bdd4d4f9-qtnpk|front-end-65f844fc76-s269x,catalogue-58bdd4d4f9-fdnfw|catalogue-58bdd4d4f9-qtnpk|front-end-65f844fc76-s269x|orders-94d48dc8-7xwrn|user-db-0,True,True,True,True,True,True
2026_03_13,pod_memory_hog_catalogue_001,ok,normal_vjthrm,2026-03-13 07:40:10.880230,2026-03-13 07:45:10.880230,125,68,22,14,max_epsilon,catalogue,catalogue-58bdd4d4f9-fdnfw,False,front-end,front-end|catalogue|carts-db,front-end|catalogue|carts-db|carts|orders,front-end-65f844fc76-4pkd6,front-end-65f844fc76-4pkd6|catalogue-58bdd4d4f9-fdnfw|carts-db-0,front-end-65f844fc76-4pkd6|catalogue-58bdd4d4f9-fdnfw|carts-db-0|carts-5b77c45b65-wqvh5|catalogue-58bdd4d4f9-qtnpk,False,True,True,False,True,True
2026_03_13,pod_do_fault_user-db_001,ok,normal_vjthrm,2026-03-13 07:40:10.880230,2026-03-13 07:45:10.880230,140,115,22,14,max_epsilon,user-db,user-db-0,True,user,user|user-db|front-end,user|user-db|front-end|catalogue|orders,user-5c64496568-xhbmp,user-5c64496568-xhbmp|user-db-0|front-end-65f844fc76-4pkd6,user-5c64496568-xhbmp|user-db-0|front-end-65f844fc76-4pkd6|catalogue-58bdd4d4f9-fdnfw|user-5c64496568-q4pst,False,True,True,False,True,True
2026_03_13,pod_do_fault_payment_001,ok,normal_vjthrm,2026-03-13 07:40:10.880230,2026-03-13 07:45:10.880230,139,95,22,14,max_epsilon,payment,payment-664c4d4c74-2jg6l,False,front-end,front-end|payment|user,front-end|payment|user|catalogue|carts,front-end-65f844fc76-4pkd6,front-end-65f844fc76-4pkd6|payment-664c4d4c74-2jg6l|user-5c64496568-q4pst,front-end-65f844fc76-4pkd6|payment-664c4d4c74-2jg6l|user-5c64496568-q4pst|catalogue-58bdd4d4f9-fdnfw|carts-5b77c45b65-4p8sp,False,True,True,False,True,True
2026_03_13,pod_java_exception_shipping_001,ok,normal_vjthrm,2026-03-13 07:40:10.880230,2026-03-13 07:45:10.880230,134,88,21,14,max_epsilon,shipping,shipping-66d8f78d5f-n8lvv,False,front-end,front-end|orders|user,front-end|orders|user|catalogue|shipping,front-end-65f844fc76-4pkd6,front-end-65f844fc76-4pkd6|orders-94d48dc8-7xwrn|user-5c64496568-q4pst,front-end-65f844fc76-4pkd6|orders-94d48dc8-7xwrn|user-5c64496568-q4pst|catalogue-58bdd4d4f9-fdnfw|shipping-66d8f78d5f-n8lvv,False,False,True,False,False,True
2026_03_13,pod_cpu_hog_catalogue-db_001,ok,normal_vjthrm,2026-03-13 07:40:10.880230,2026-03-13 07:45:10.880230,124,73,22,14,max_epsilon,catalogue-db,catalogue-db-0,True,front-end,front-end|orders|user,front-end|orders|user|catalogue|shipping,front-end-65f844fc76-4pkd6,front-end-65f844fc76-4pkd6|orders-94d48dc8-7xwrn|user-5c64496568-q4pst,front-end-65f844fc76-4pkd6|orders-94d48dc8-7xwrn|user-5c64496568-q4pst|front-end-65f844fc76-s269x|catalogue-58bdd4d4f9-fdnfw,False,False,False,False,False,False
2026_03_13,pod_network_loss_payment_001,ok,normal_vjthrm,2026-03-13 07:40:10.880230,2026-03-13 07:45:10.880230,128,67,22,14,max_epsilon,payment,payment-664c4d4c74-fjnln,False,front-end,front-end|orders|user,front-end|orders|user|catalogue|carts,front-end-65f844fc76-4pkd6,front-end-65f844fc76-4pkd6|orders-94d48dc8-7xwrn|user-5c64496568-q4pst,front-end-65f844fc76-4pkd6|orders-94d48dc8-7xwrn|user-5c64496568-q4pst|catalogue-58bdd4d4f9-fdnfw|carts-5b77c45b65-4p8sp,False,False,False,False,False,False
2026_03_13,pod_cpu_hog_queue-master_001,ok,normal_vjthrm,2026-03-13 07:40:10.880230,2026-03-13 07:45:10.880230,127,76,22,14,max_epsilon,queue-master,queue-master-5bb5566684-6zh6n,False,front-end,front-end|orders|user,front-end|orders|user|catalogue|shipping,front-end-65f844fc76-4pkd6,front-end-65f844fc76-4pkd6|orders-94d48dc8-7xwrn|user-5c64496568-q4pst,front-end-65f844fc76-4pkd6|orders-94d48dc8-7xwrn|user-5c64496568-q4pst|catalogue-58bdd4d4f9-fdnfw|shipping-66d8f78d5f-n8lvv,False,False,False,False,False,False
2026_03_13,pod_memory_hog_orders_001,ok,normal_wbter4,2026-03-13 10:23:59.001314,2026-03-13 10:28:59.001314,128,85,22,14,max_epsilon,orders,orders-94d48dc8-7xwrn,False,carts-db,carts-db|carts|user-db,carts-db|carts|user-db|shipping|rabbitmq,carts-db-0,carts-db-0|carts-5b77c45b65-4p8sp|carts-5b77c45b65-wqvh5,carts-db-0|carts-5b77c45b65-4p8sp|carts-5b77c45b65-wqvh5|user-db-0|shipping-66d8f78d5f-n8lvv,False,False,False,False,False,False
2026_03_13,pod_do_fault_catalogue-db_001,ok,normal_wbter4,2026-03-13 10:23:59.001314,2026-03-13 10:28:59.001314,143,86,22,14,max_epsilon,catalogue-db,catalogue-db-0,True,carts-db,carts-db|front-end|carts,carts-db|front-end|carts|shipping|user,carts-db-0,carts-db-0|front-end-65f844fc76-4pkd6|carts-5b77c45b65-wqvh5,carts-db-0|front-end-65f844fc76-4pkd6|carts-5b77c45b65-wqvh5|shipping-66d8f78d5f-qs6t2|user-5c64496568-q4pst,False,False,False,False,False,False
2026_03_13,pod_network_partition_orders_001,ok,normal_vml0rz,2026-03-13 11:16:10.484361,2026-03-13 11:21:10.484361,126,75,22,14,max_epsilon,orders,orders-94d48dc8-9smxp,False,orders,orders|front-end|carts-db,orders|front-end|carts-db|user|orders-db,orders-94d48dc8-9smxp,orders-94d48dc8-9smxp|orders-94d48dc8-7xwrn|front-end-65f844fc76-4pkd6,orders-94d48dc8-9smxp|orders-94d48dc8-7xwrn|front-end-65f844fc76-4pkd6|front-end-65f844fc76-s269x|carts-db-0,True,True,True,True,True,True
2026_03_13,pod_memory_hog_payment_001,ok,normal_vml0rz,2026-03-13 11:16:10.484361,2026-03-13 11:21:10.484361,126,71,22,14,max_epsilon,user,payment-664c4d4c74-fjnln,False,orders,orders|carts-db|user,orders|carts-db|user|user-db|shipping,orders-94d48dc8-7xwrn,orders-94d48dc8-7xwrn|carts-db-0|user-5c64496568-q4pst,orders-94d48dc8-7xwrn|carts-db-0|user-5c64496568-q4pst|user-5c64496568-xhbmp|user-db-0,False,True,True,False,False,False
2026_03_13,pod_network_loss_carts_001,ok,normal_vml0rz,2026-03-13 11:16:10.484361,2026-03-13 11:21:10.484361,131,88,22,14,max_epsilon,carts,carts-5b77c45b65-wqvh5,False,carts,carts|user|carts-db,carts|user|carts-db|user-db|catalogue,carts-5b77c45b65-4p8sp,carts-5b77c45b65-4p8sp|user-5c64496568-q4pst|carts-db-0,carts-5b77c45b65-4p8sp|user-5c64496568-q4pst|carts-db-0|user-db-0|catalogue-58bdd4d4f9-qtnpk,True,True,True,False,False,False
2026_03_13,pod_cpu_hog_carts_001,ok,normal_5pjkzu,2026-03-13 12:25:27.562280,2026-03-13 12:30:27.562280,130,77,22,14,max_epsilon,carts,carts-5b77c45b65-wqvh5,False,front-end,front-end|orders|carts-db,front-end|orders|carts-db|catalogue|orders-db,front-end-65f844fc76-s269x,front-end-65f844fc76-s269x|front-end-65f844fc76-4pkd6|orders-94d48dc8-9smxp,front-end-65f844fc76-s269x|front-end-65f844fc76-4pkd6|orders-94d48dc8-9smxp|carts-db-0|catalogue-58bdd4d4f9-fdnfw,False,False,False,False,False,False
2026_03_13,pod_io_fault_carts-db_001,ok,normal_5pjkzu,2026-03-13 12:25:27.562280,2026-03-13 12:30:27.562280,133,75,22,14,max_epsilon,carts-db,carts-db-0,True,carts-db,carts-db|queue-master|carts,carts-db|queue-master|carts|user|catalogue,carts-db-0,carts-db-0|queue-master-5bb5566684-6zh6n|carts-5b77c45b65-wqvh5,carts-db-0|queue-master-5bb5566684-6zh6n|carts-5b77c45b65-wqvh5|queue-master-5bb5566684-24lr5|carts-5b77c45b65-4p8sp,True,True,True,True,True,True
2026_03_13,pod_memory_hog_front-end_001,ok,normal_5pjkzu,2026-03-13 12:25:27.562280,2026-03-13 12:30:27.562280,127,56,22,14,max_epsilon,front-end,front-end-65f844fc76-4pkd6,False,orders,orders|carts-db|shipping,orders|carts-db|shipping|carts|catalogue,orders-94d48dc8-9smxp,orders-94d48dc8-9smxp|carts-db-0|shipping-66d8f78d5f-n8lvv,orders-94d48dc8-9smxp|carts-db-0|shipping-66d8f78d5f-n8lvv|carts-5b77c45b65-wqvh5|catalogue-58bdd4d4f9-qtnpk,False,False,False,False,False,False
2026_03_13,pod_cpu_hog_payment_001,ok,normal_5pjkzu,2026-03-13 12:25:27.562280,2026-03-13 12:30:27.562280,129,61,22,14,max_epsilon,payment,payment-664c4d4c74-2jg6l,False,carts-db,carts-db|orders|catalogue,carts-db|orders|catalogue|user|carts,carts-db-0,carts-db-0|orders-94d48dc8-7xwrn|catalogue-58bdd4d4f9-qtnpk,carts-db-0|orders-94d48dc8-7xwrn|catalogue-58bdd4d4f9-qtnpk|user-5c64496568-xhbmp|carts-5b77c45b65-4p8sp,False,False,False,False,False,False
2026_03_13,pod_do_fault_carts-db_001,ok,normal_5sfmer,2026-03-13 14:22:55.833388,2026-03-13 14:27:55.833388,144,115,22,14,max_epsilon,carts-db,carts-db-0,True,carts-db,carts-db|carts|front-end,carts-db|carts|front-end|orders-db|payment,carts-db-0,carts-db-0|carts-5b77c45b65-wqvh5|front-end-65f844fc76-4pkd6,carts-db-0|carts-5b77c45b65-wqvh5|front-end-65f844fc76-4pkd6|front-end-65f844fc76-s269x|carts-5b77c45b65-4p8sp,True,True,True,True,True,True
2026_03_13,pod_cpu_hog_rabbitmq_001,ok,normal_zr84g6,2026-03-13 15:07:05.478081,2026-03-13 15:12:05.478081,125,62,21,13,max_epsilon,rabbitmq,rabbitmq-0,True,orders,orders|front-end|carts,orders|front-end|carts|user|carts-db,orders-94d48dc8-9smxp,orders-94d48dc8-9smxp|front-end-65f844fc76-s269x|carts-5b77c45b65-4p8sp,orders-94d48dc8-9smxp|front-end-65f844fc76-s269x|carts-5b77c45b65-4p8sp|user-5c64496568-q4pst|carts-db-0,False,False,False,False,False,False
2026_03_13,pod_memory_hog_shipping_001,ok,normal_zr84g6,2026-03-13 15:07:05.478081,2026-03-13 15:12:05.478081,126,65,22,14,max_epsilon,shipping,shipping-66d8f78d5f-qs6t2,False,orders,orders|carts|queue-master,orders|carts|queue-master|catalogue|carts-db,orders-94d48dc8-9smxp,orders-94d48dc8-9smxp|carts-5b77c45b65-wqvh5|carts-5b77c45b65-4p8sp,orders-94d48dc8-9smxp|carts-5b77c45b65-wqvh5|carts-5b77c45b65-4p8sp|queue-master-5bb5566684-24lr5|catalogue-58bdd4d4f9-fdnfw,False,False,False,False,False,False
2026_03_13,pod_memory_hog_queue-master_001,ok,normal_zr84g6,2026-03-13 15:07:05.478081,2026-03-13 15:12:05.478081,126,70,21,14,max_epsilon,queue-master,queue-master-5bb5566684-6zh6n,False,carts,carts|user|carts-db,carts|user|carts-db|orders|orders-db,carts-5b77c45b65-4p8sp,carts-5b77c45b65-4p8sp|carts-5b77c45b65-wqvh5|user-5c64496568-q4pst,carts-5b77c45b65-4p8sp|carts-5b77c45b65-wqvh5|user-5c64496568-q4pst|carts-db-0|orders-94d48dc8-9smxp,False,False,False,False,False,False
2026_03_13,pod_network_partition_user_001,ok,normal_zr84g6,2026-03-13 15:07:05.478081,2026-03-13 15:12:05.478081,133,84,22,14,max_epsilon,user,user-5c64496568-xhbmp,False,user,user|carts-db|orders,user|carts-db|orders|carts|front-end,user-5c64496568-xhbmp,user-5c64496568-xhbmp|user-5c64496568-q4pst|carts-db-0,user-5c64496568-xhbmp|user-5c64496568-q4pst|carts-db-0|orders-94d48dc8-9smxp|carts-5b77c45b65-wqvh5,True,True,True,True,True,True
2026_03_13,pod_network_partition_payment_001,ok,normal_zr84g6,2026-03-13 15:07:05.478081,2026-03-13 15:12:05.478081,136,74,22,14,max_epsilon,payment,payment-664c4d4c74-2jg6l,False,payment,payment|user|user-db,payment|user|user-db|front-end|orders,payment-664c4d4c74-2jg6l,payment-664c4d4c74-2jg6l|user-5c64496568-xhbmp|user-db-0,payment-664c4d4c74-2jg6l|user-5c64496568-xhbmp|user-db-0|front-end-65f844fc76-s269x|orders-94d48dc8-7xwrn,True,True,True,True,True,True
2026_03_13,pod_do_fault_catalogue_001,ok,normal_zr84g6,2026-03-13 15:07:05.478081,2026-03-13 15:12:05.478081,127,92,22,14,max_epsilon,catalogue,catalogue-58bdd4d4f9-fdnfw,False,catalogue,catalogue|user|orders,catalogue|user|orders|user-db|carts-db,catalogue-58bdd4d4f9-fdnfw,catalogue-58bdd4d4f9-fdnfw|catalogue-58bdd4d4f9-qtnpk|user-5c64496568-xhbmp,catalogue-58bdd4d4f9-fdnfw|catalogue-58bdd4d4f9-qtnpk|user-5c64496568-xhbmp|orders-94d48dc8-7xwrn|user-db-0,True,True,True,True,True,True
2026_03_13,pod_network_loss_user_001,ok,normal_09kuqt,2026-03-13 17:09:40.675278,2026-03-13 17:14:40.675278,130,90,22,14,max_epsilon,user,user-5c64496568-xhbmp,False,orders,orders|front-end|user,orders|front-end|user|carts|catalogue,orders-94d48dc8-7xwrn,orders-94d48dc8-7xwrn|front-end-65f844fc76-s269x|user-5c64496568-xhbmp,orders-94d48dc8-7xwrn|front-end-65f844fc76-s269x|user-5c64496568-xhbmp|carts-5b77c45b65-4p8sp|catalogue-58bdd4d4f9-fdnfw,False,True,True,False,True,True
2026_03_13,pod_io_fault_orders-db_001,ok,normal_fwy5g3,2026-03-13 17:39:46.715499,2026-03-13 17:44:46.715499,129,76,22,14,max_epsilon,orders-db,orders-db-0,True,carts,carts|user-db|front-end,carts|user-db|front-end|catalogue|user,carts-5b77c45b65-wqvh5,carts-5b77c45b65-wqvh5|user-db-0|front-end-65f844fc76-s269x,carts-5b77c45b65-wqvh5|user-db-0|front-end-65f844fc76-s269x|carts-5b77c45b65-4p8sp|catalogue-58bdd4d4f9-qtnpk,False,False,False,False,False,False
2026_03_13,pod_network_delay_user_001,ok,normal_fwy5g3,2026-03-13 17:39:46.715499,2026-03-13 17:44:46.715499,128,70,22,14,max_epsilon,user,user-5c64496568-xhbmp,False,front-end,front-end|carts|shipping,front-end|carts|shipping|catalogue|orders,front-end-65f844fc76-s269x,front-end-65f844fc76-s269x|carts-5b77c45b65-wqvh5|shipping-66d8f78d5f-qs6t2,front-end-65f844fc76-s269x|carts-5b77c45b65-wqvh5|shipping-66d8f78d5f-qs6t2|catalogue-58bdd4d4f9-fdnfw|front-end-65f844fc76-4pkd6,False,False,False,False,False,False
2026_03_13,pod_network_loss_queue-master_001,ok,normal_fwy5g3,2026-03-13 17:39:46.715499,2026-03-13 17:44:46.715499,128,82,22,14,max_epsilon,queue-master,queue-master-5bb5566684-6zh6n,False,front-end,front-end|catalogue|orders,front-end|catalogue|orders|carts|shipping,front-end-65f844fc76-s269x,front-end-65f844fc76-s269x|catalogue-58bdd4d4f9-qtnpk|orders-94d48dc8-9smxp,front-end-65f844fc76-s269x|catalogue-58bdd4d4f9-qtnpk|orders-94d48dc8-9smxp|front-end-65f844fc76-4pkd6|carts-5b77c45b65-4p8sp,False,False,False,False,False,False
2026_03_13,pod_network_delay_shipping_001,ok,normal_fwy5g3,2026-03-13 17:39:46.715499,2026-03-13 17:44:46.715499,128,58,21,13,max_epsilon,shipping,shipping-66d8f78d5f-n8lvv,False,shipping,shipping|carts|user,shipping|carts|user|catalogue|orders-db,shipping-66d8f78d5f-qs6t2,shipping-66d8f78d5f-qs6t2|carts-5b77c45b65-4p8sp|shipping-66d8f78d5f-n8lvv,shipping-66d8f78d5f-qs6t2|carts-5b77c45b65-4p8sp|shipping-66d8f78d5f-n8lvv|user-5c64496568-q4pst|catalogue-58bdd4d4f9-qtnpk,True,True,True,False,True,True
2026_03_13,pod_cpu_hog_carts-db_001,ok,normal_fwy5g3,2026-03-13 17:39:46.715499,2026-03-13 17:44:46.715499,128,60,22,14,max_epsilon,carts-db,carts-db-0,True,carts,carts|carts-db|catalogue,carts|carts-db|catalogue|front-end|queue-master,carts-5b77c45b65-4p8sp,carts-5b77c45b65-4p8sp|carts-5b77c45b65-wqvh5|carts-db-0,carts-5b77c45b65-4p8sp|carts-5b77c45b65-wqvh5|carts-db-0|catalogue-58bdd4d4f9-qtnpk|catalogue-58bdd4d4f9-fdnfw,False,True,True,False,True,True
2026_03_13,pod_cpu_hog_session-db_001,ok,normal_fwy5g3,2026-03-13 17:39:46.715499,2026-03-13 17:44:46.715499,129,70,22,14,max_epsilon,session-db,session-db-0,True,user,user|user-db|front-end,user|user-db|front-end|orders|shipping,user-5c64496568-xhbmp,user-5c64496568-xhbmp|user-db-0|front-end-65f844fc76-4pkd6,user-5c64496568-xhbmp|user-db-0|front-end-65f844fc76-4pkd6|user-5c64496568-q4pst|orders-94d48dc8-7xwrn,False,False,False,False,False,False
2026_03_13,pod_cpu_hog_orders-db_001,ok,normal_fwy5g3,2026-03-13 17:39:46.715499,2026-03-13 17:44:46.715499,131,73,22,14,max_epsilon,orders-db,orders-db-0,True,user-db,user-db|user|carts,user-db|user|carts|carts-db|shipping,user-db-0,user-db-0|user-5c64496568-xhbmp|carts-5b77c45b65-4p8sp,user-db-0|user-5c64496568-xhbmp|carts-5b77c45b65-4p8sp|carts-db-0|shipping-66d8f78d5f-qs6t2,False,False,False,False,False,False
2026_03_13,pod_network_delay_queue-master_001,ok,normal_36cj5l,2026-03-13 19:54:28.015491,2026-03-13 19:59:28.015491,132,83,22,14,max_epsilon,queue-master,queue-master-5bb5566684-6zh6n,False,carts-db,carts-db|shipping|user,carts-db|shipping|user|orders|carts,carts-db-0,carts-db-0|shipping-66d8f78d5f-n8lvv|user-5c64496568-q4pst,carts-db-0|shipping-66d8f78d5f-n8lvv|user-5c64496568-q4pst|orders-94d48dc8-9smxp|user-5c64496568-xhbmp,False,False,False,False,False,False
2026_03_13,pod_do_fault_shipping_001,ok,normal_36cj5l,2026-03-13 19:54:28.015491,2026-03-13 19:59:28.015491,138,79,22,14,max_epsilon,shipping,shipping-66d8f78d5f-n8lvv,False,shipping,shipping|user-db|orders,shipping|user-db|orders|user|catalogue,shipping-66d8f78d5f-n8lvv,shipping-66d8f78d5f-n8lvv|user-db-0|orders-94d48dc8-7xwrn,shipping-66d8f78d5f-n8lvv|user-db-0|orders-94d48dc8-7xwrn|user-5c64496568-q4pst|catalogue-58bdd4d4f9-fdnfw,True,True,True,True,True,True
2026_03_13,pod_network_loss_shipping_001,ok,normal_tttgve,2026-03-13 20:39:40.607282,2026-03-13 20:44:40.607282,132,83,22,14,max_epsilon,shipping,shipping-66d8f78d5f-qs6t2,False,front-end,front-end|orders|shipping,front-end|orders|shipping|user|carts-db,front-end-65f844fc76-4pkd6,front-end-65f844fc76-4pkd6|orders-94d48dc8-9smxp|shipping-66d8f78d5f-qs6t2,front-end-65f844fc76-4pkd6|orders-94d48dc8-9smxp|shipping-66d8f78d5f-qs6t2|user-5c64496568-q4pst|user-5c64496568-xhbmp,False,True,True,False,True,True
2026_03_13,pod_do_fault_queue-master_001,ok,normal_tttgve,2026-03-13 20:39:40.607282,2026-03-13 20:44:40.607282,138,100,22,14,max_epsilon,queue-master,queue-master-5bb5566684-24lr5,False,front-end,front-end|orders|queue-master,front-end|orders|queue-master|carts|user,front-end-65f844fc76-4pkd6,front-end-65f844fc76-4pkd6|orders-94d48dc8-9smxp|queue-master-5bb5566684-24lr5,front-end-65f844fc76-4pkd6|orders-94d48dc8-9smxp|queue-master-5bb5566684-24lr5|carts-5b77c45b65-wqvh5|user-5c64496568-xhbmp,False,True,True,False,True,True
2026_03_13,pod_do_fault_carts_001,ok,normal_pm2dcq,2026-03-13 22:00:56.183354,2026-03-13 22:05:56.183354,140,93,22,14,max_epsilon,carts,carts-5b77c45b65-4p8sp,False,carts,carts|carts-db|user,carts|carts-db|user|orders|catalogue,carts-5b77c45b65-4p8sp,carts-5b77c45b65-4p8sp|carts-db-0|carts-5b77c45b65-wqvh5,carts-5b77c45b65-4p8sp|carts-db-0|carts-5b77c45b65-wqvh5|user-5c64496568-xhbmp|orders-94d48dc8-7xwrn,True,True,True,True,True,True
2026_03_13,pod_cpu_hog_user-db_001,ok,normal_242dbr,2026-03-13 22:32:03.554283,2026-03-13 22:37:03.554283,130,80,22,14,max_epsilon,user-db,user-db-0,True,orders,orders|front-end|carts,orders|front-end|carts|orders-db|rabbitmq,orders-94d48dc8-7xwrn,orders-94d48dc8-7xwrn|front-end-65f844fc76-s269x|carts-5b77c45b65-wqvh5,orders-94d48dc8-7xwrn|front-end-65f844fc76-s269x|carts-5b77c45b65-wqvh5|orders-db-0|rabbitmq-0,False,False,False,False,False,False
2026_03_13,pod_do_fault_orders-db_001,ok,normal_242dbr,2026-03-13 22:32:03.554283,2026-03-13 22:37:03.554283,138,87,22,14,max_epsilon,orders-db,orders-db-0,True,orders,orders|front-end|queue-master,orders|front-end|queue-master|shipping|orders-db,orders-94d48dc8-7xwrn,orders-94d48dc8-7xwrn|front-end-65f844fc76-s269x|queue-master-5bb5566684-24lr5,orders-94d48dc8-7xwrn|front-end-65f844fc76-s269x|queue-master-5bb5566684-24lr5|queue-master-5bb5566684-6zh6n|orders-94d48dc8-9smxp,False,False,True,False,False,True
2026_03_14,pod_do_fault_user_001,ok,normal_5o7uzt,2026-03-14 01:10:41.601753,2026-03-14 01:15:41.601753,131,82,21,13,max_epsilon,user,user-5c64496568-q4pst,False,user,user|user-db|carts,user|user-db|carts|orders|catalogue,user-5c64496568-q4pst,user-5c64496568-q4pst|user-5c64496568-xhbmp|user-db-0,user-5c64496568-q4pst|user-5c64496568-xhbmp|user-db-0|carts-5b77c45b65-wqvh5|orders-94d48dc8-9smxp,True,True,True,True,True,True
2026_03_14,pod_do_fault_user-db_001,ok,normal_5o7uzt,2026-03-14 01:10:41.601753,2026-03-14 01:15:41.601753,143,123,22,14,max_epsilon,user-db,user-db-0,True,user,user|orders|user-db,user|orders|user-db|front-end|payment,user-5c64496568-q4pst,user-5c64496568-q4pst|user-5c64496568-xhbmp|orders-94d48dc8-7xwrn,user-5c64496568-q4pst|user-5c64496568-xhbmp|orders-94d48dc8-7xwrn|user-db-0|front-end-65f844fc76-4pkd6,False,True,True,False,True,True
2026_03_14,pod_network_loss_catalogue_001,ok,normal_5o7uzt,2026-03-14 01:10:41.601753,2026-03-14 01:15:41.601753,129,70,22,14,max_epsilon,catalogue,catalogue-58bdd4d4f9-qtnpk,False,orders,orders|catalogue|shipping,orders|catalogue|shipping|carts|front-end,orders-94d48dc8-7xwrn,orders-94d48dc8-7xwrn|catalogue-58bdd4d4f9-fdnfw|shipping-66d8f78d5f-qs6t2,orders-94d48dc8-7xwrn|catalogue-58bdd4d4f9-fdnfw|shipping-66d8f78d5f-qs6t2|carts-5b77c45b65-wqvh5|front-end-65f844fc76-4pkd6,False,True,True,False,False,False
2026_03_14,pod_cpu_hog_queue-master_001,ok,normal_5o7uzt,2026-03-14 01:10:41.601753,2026-03-14 01:15:41.601753,130,90,22,14,max_epsilon,queue-master,queue-master-5bb5566684-6zh6n,False,user,user|payment|carts-db,user|payment|carts-db|catalogue|carts,user-5c64496568-q4pst,user-5c64496568-q4pst|payment-664c4d4c74-fjnln|carts-db-0,user-5c64496568-q4pst|payment-664c4d4c74-fjnln|carts-db-0|catalogue-58bdd4d4f9-qtnpk|carts-5b77c45b65-4p8sp,False,False,False,False,False,False
2026_03_14,pod_network_loss_queue-master_001,ok,normal_x462ey,2026-03-14 01:29:43.264346,2026-03-14 01:34:43.264346,130,74,22,14,max_epsilon,queue-master,queue-master-5bb5566684-6zh6n,False,orders,orders|carts|catalogue,orders|carts|catalogue|user|payment,orders-94d48dc8-7xwrn,orders-94d48dc8-7xwrn|carts-5b77c45b65-wqvh5|catalogue-58bdd4d4f9-qtnpk,orders-94d48dc8-7xwrn|carts-5b77c45b65-wqvh5|catalogue-58bdd4d4f9-qtnpk|user-5c64496568-q4pst|payment-664c4d4c74-fjnln,False,False,False,False,False,False
2026_03_14,pod_memory_hog_carts_001,ok,normal_x462ey,2026-03-14 01:29:43.264346,2026-03-14 01:34:43.264346,129,48,22,14,max_epsilon,carts,carts-5b77c45b65-wqvh5,False,orders,orders|carts|carts-db,orders|carts|carts-db|payment|front-end,orders-94d48dc8-9smxp,orders-94d48dc8-9smxp|carts-5b77c45b65-wqvh5|carts-5b77c45b65-4p8sp,orders-94d48dc8-9smxp|carts-5b77c45b65-wqvh5|carts-5b77c45b65-4p8sp|carts-db-0|payment-664c4d4c74-2jg6l,False,True,True,False,True,True
2026_03_14,pod_network_partition_orders_001,ok,normal_x462ey,2026-03-14 01:29:43.264346,2026-03-14 01:34:43.264346,130,97,22,14,max_epsilon,orders,orders-94d48dc8-9smxp,False,orders,orders|front-end|carts,orders|front-end|carts|orders-db|catalogue,orders-94d48dc8-9smxp,orders-94d48dc8-9smxp|orders-94d48dc8-7xwrn|front-end-65f844fc76-4pkd6,orders-94d48dc8-9smxp|orders-94d48dc8-7xwrn|front-end-65f844fc76-4pkd6|carts-5b77c45b65-wqvh5|orders-db-0,True,True,True,True,True,True
2026_03_14,pod_cpu_hog_catalogue_001,ok,normal_gqkmw1,2026-03-14 02:37:00.724531,2026-03-14 02:42:00.724531,129,87,22,14,max_epsilon,catalogue,catalogue-58bdd4d4f9-qtnpk,False,orders,orders|user|carts,orders|user|carts|front-end|queue-master,orders-94d48dc8-7xwrn,orders-94d48dc8-7xwrn|user-5c64496568-xhbmp|carts-5b77c45b65-4p8sp,orders-94d48dc8-7xwrn|user-5c64496568-xhbmp|carts-5b77c45b65-4p8sp|front-end-65f844fc76-4pkd6|queue-master-5bb5566684-6zh6n,False,False,False,False,False,False
2026_03_14,pod_cpu_hog_payment_001,ok,normal_gqkmw1,2026-03-14 02:37:00.724531,2026-03-14 02:42:00.724531,130,55,22,14,max_epsilon,payment,payment-664c4d4c74-2jg6l,False,user,user|user-db|shipping,user|user-db|shipping|rabbitmq|queue-master,user-5c64496568-xhbmp,user-5c64496568-xhbmp|user-db-0|user-5c64496568-q4pst,user-5c64496568-xhbmp|user-db-0|user-5c64496568-q4pst|shipping-66d8f78d5f-qs6t2|rabbitmq-0,False,False,False,False,False,False
2026_03_14,pod_memory_hog_catalogue_001,ok,normal_gqkmw1,2026-03-14 02:37:00.724531,2026-03-14 02:42:00.724531,128,85,22,14,max_epsilon,catalogue,catalogue-58bdd4d4f9-fdnfw,False,user-db,user-db|user|carts-db,user-db|user|carts-db|shipping|payment,user-db-0,user-db-0|user-5c64496568-q4pst|user-5c64496568-xhbmp,user-db-0|user-5c64496568-q4pst|user-5c64496568-xhbmp|carts-db-0|shipping-66d8f78d5f-qs6t2,False,False,False,False,False,False
2026_03_14,pod_cpu_hog_orders-db_001,ok,normal_gqkmw1,2026-03-14 02:37:00.724531,2026-03-14 02:42:00.724531,130,76,22,14,max_epsilon,orders-db,orders-db-0,True,user-db,user-db|user|carts-db,user-db|user|carts-db|queue-master|orders,user-db-0,user-db-0|user-5c64496568-q4pst|user-5c64496568-xhbmp,user-db-0|user-5c64496568-q4pst|user-5c64496568-xhbmp|carts-db-0|queue-master-5bb5566684-24lr5,False,False,False,False,False,False
2026_03_14,pod_cpu_hog_rabbitmq_001,ok,normal_jk7kcs,2026-03-14 04:03:22.732820,2026-03-14 04:08:22.732820,128,77,22,14,max_epsilon,rabbitmq,rabbitmq-0,True,orders,orders|carts|carts-db,orders|carts|carts-db|front-end|catalogue,orders-94d48dc8-7xwrn,orders-94d48dc8-7xwrn|carts-5b77c45b65-4p8sp|orders-94d48dc8-9smxp,orders-94d48dc8-7xwrn|carts-5b77c45b65-4p8sp|orders-94d48dc8-9smxp|carts-db-0|front-end-65f844fc76-s269x,False,False,False,False,False,False
2026_03_14,pod_network_partition_catalogue_001,ok,normal_jk7kcs,2026-03-14 04:03:22.732820,2026-03-14 04:08:22.732820,131,73,22,14,max_epsilon,catalogue,catalogue-58bdd4d4f9-fdnfw,False,catalogue,catalogue|orders|user,catalogue|orders|user|queue-master|front-end,catalogue-58bdd4d4f9-fdnfw,catalogue-58bdd4d4f9-fdnfw|catalogue-58bdd4d4f9-qtnpk|orders-94d48dc8-9smxp,catalogue-58bdd4d4f9-fdnfw|catalogue-58bdd4d4f9-qtnpk|orders-94d48dc8-9smxp|user-5c64496568-xhbmp|queue-master-5bb5566684-6zh6n,True,True,True,True,True,True
2026_03_14,pod_network_delay_catalogue_001,ok,normal_jk7kcs,2026-03-14 04:03:22.732820,2026-03-14 04:08:22.732820,129,88,22,14,max_epsilon,catalogue,catalogue-58bdd4d4f9-qtnpk,False,catalogue,catalogue|front-end|carts,catalogue|front-end|carts|orders|catalogue-db,catalogue-58bdd4d4f9-fdnfw,catalogue-58bdd4d4f9-fdnfw|front-end-65f844fc76-s269x|carts-5b77c45b65-4p8sp,catalogue-58bdd4d4f9-fdnfw|front-end-65f844fc76-s269x|carts-5b77c45b65-4p8sp|orders-94d48dc8-7xwrn|catalogue-58bdd4d4f9-qtnpk,True,True,True,False,False,True
2026_03_14,pod_do_fault_payment_001,ok,normal_2qpsuo,2026-03-14 05:24:43.893311,2026-03-14 05:29:43.893311,142,73,22,14,max_epsilon,payment,payment-664c4d4c74-2jg6l,False,payment,payment|front-end|user,payment|front-end|user|orders|carts-db,payment-664c4d4c74-2jg6l,payment-664c4d4c74-2jg6l|front-end-65f844fc76-4pkd6|payment-664c4d4c74-fjnln,payment-664c4d4c74-2jg6l|front-end-65f844fc76-4pkd6|payment-664c4d4c74-fjnln|user-5c64496568-q4pst|orders-94d48dc8-9smxp,True,True,True,True,True,True
2026_03_14,pod_memory_hog_user_001,ok,normal_2qpsuo,2026-03-14 05:24:43.893311,2026-03-14 05:29:43.893311,131,55,22,14,max_epsilon,user,user-5c64496568-q4pst,False,orders,orders|user|carts-db,orders|user|carts-db|carts|catalogue,orders-94d48dc8-9smxp,orders-94d48dc8-9smxp|user-5c64496568-xhbmp|carts-db-0,orders-94d48dc8-9smxp|user-5c64496568-xhbmp|carts-db-0|carts-5b77c45b65-wqvh5|catalogue-58bdd4d4f9-qtnpk,False,True,True,False,False,False
2026_03_14,pod_network_delay_queue-master_001,ok,normal_2qpsuo,2026-03-14 05:24:43.893311,2026-03-14 05:29:43.893311,131,64,22,14,max_epsilon,queue-master,queue-master-5bb5566684-6zh6n,False,orders,orders|shipping|user,orders|shipping|user|user-db|catalogue,orders-94d48dc8-9smxp,orders-94d48dc8-9smxp|shipping-66d8f78d5f-n8lvv|user-5c64496568-q4pst,orders-94d48dc8-9smxp|shipping-66d8f78d5f-n8lvv|user-5c64496568-q4pst|user-db-0|catalogue-58bdd4d4f9-qtnpk,False,False,False,False,False,False
2026_03_14,pod_do_fault_queue-master_001,ok,normal_2qpsuo,2026-03-14 05:24:43.893311,2026-03-14 05:29:43.893311,134,82,22,14,max_epsilon,queue-master,queue-master-5bb5566684-24lr5,False,carts,carts|queue-master|orders,carts|queue-master|orders|carts-db|user,carts-5b77c45b65-4p8sp,carts-5b77c45b65-4p8sp|queue-master-5bb5566684-24lr5|orders-94d48dc8-7xwrn,carts-5b77c45b65-4p8sp|queue-master-5bb5566684-24lr5|orders-94d48dc8-7xwrn|carts-db-0|user-5c64496568-q4pst,False,True,True,False,True,True
2026_03_14,pod_memory_hog_payment_001,ok,normal_2qpsuo,2026-03-14 05:24:43.893311,2026-03-14 05:29:43.893311,129,55,22,14,max_epsilon,user,payment-664c4d4c74-fjnln,False,orders,orders|user|shipping,orders|user|shipping|carts|payment,orders-94d48dc8-9smxp,orders-94d48dc8-9smxp|user-5c64496568-xhbmp|shipping-66d8f78d5f-n8lvv,orders-94d48dc8-9smxp|user-5c64496568-xhbmp|shipping-66d8f78d5f-n8lvv|carts-5b77c45b65-4p8sp|payment-664c4d4c74-fjnln,False,True,True,False,False,True
2026_03_14,pod_io_fault_orders-db_001,ok,normal_2qpsuo,2026-03-14 05:24:43.893311,2026-03-14 05:29:43.893311,130,68,22,14,max_epsilon,orders-db,orders-db-0,True,rabbitmq,rabbitmq|front-end|carts,rabbitmq|front-end|carts|carts-db|user,rabbitmq-0,rabbitmq-0|front-end-65f844fc76-4pkd6|carts-5b77c45b65-wqvh5,rabbitmq-0|front-end-65f844fc76-4pkd6|carts-5b77c45b65-wqvh5|carts-db-0|user-5c64496568-xhbmp,False,False,False,False,False,False
2026_03_14,pod_io_fault_carts-db_001,ok,normal_2qpsuo,2026-03-14 05:24:43.893311,2026-03-14 05:29:43.893311,142,77,22,14,max_epsilon,carts-db,carts-db-0,True,carts,carts|front-end|carts-db,carts|front-end|carts-db|user|session-db,carts-5b77c45b65-4p8sp,carts-5b77c45b65-4p8sp|front-end-65f844fc76-s269x|front-end-65f844fc76-4pkd6,carts-5b77c45b65-4p8sp|front-end-65f844fc76-s269x|front-end-65f844fc76-4pkd6|carts-db-0|carts-5b77c45b65-wqvh5,False,True,True,False,True,True
2026_03_14,pod_network_delay_orders_001,ok,normal_2qpsuo,2026-03-14 05:24:43.893311,2026-03-14 05:29:43.893311,127,75,22,14,max_epsilon,orders,orders-94d48dc8-9smxp,False,orders,orders|carts|user,orders|carts|user|carts-db|front-end,orders-94d48dc8-9smxp,orders-94d48dc8-9smxp|carts-5b77c45b65-4p8sp|user-5c64496568-xhbmp,orders-94d48dc8-9smxp|carts-5b77c45b65-4p8sp|user-5c64496568-xhbmp|carts-db-0|user-5c64496568-q4pst,True,True,True,True,True,True
2026_03_14,pod_network_loss_front-end_001,ok,normal_hibibe,2026-03-14 07:49:40.154315,2026-03-14 07:54:40.154315,129,80,22,14,max_epsilon,front-end,front-end-65f844fc76-s269x,False,carts-db,carts-db|orders|carts,carts-db|orders|carts|front-end|user,carts-db-0,carts-db-0|orders-94d48dc8-7xwrn|carts-5b77c45b65-wqvh5,carts-db-0|orders-94d48dc8-7xwrn|carts-5b77c45b65-wqvh5|front-end-65f844fc76-s269x|front-end-65f844fc76-4pkd6,False,False,True,False,False,True
2026_03_14,pod_cpu_hog_front-end_001,ok,normal_hibibe,2026-03-14 07:49:40.154315,2026-03-14 07:54:40.154315,129,89,22,14,max_epsilon,front-end,front-end-65f844fc76-4pkd6,False,orders,orders|front-end|user,orders|front-end|user|user-db|carts,orders-94d48dc8-7xwrn,orders-94d48dc8-7xwrn|front-end-65f844fc76-4pkd6|user-5c64496568-xhbmp,orders-94d48dc8-7xwrn|front-end-65f844fc76-4pkd6|user-5c64496568-xhbmp|user-db-0|carts-5b77c45b65-4p8sp,False,True,True,False,True,True
2026_03_14,pod_cpu_hog_carts_001,ok,normal_hibibe,2026-03-14 07:49:40.154315,2026-03-14 07:54:40.154315,129,93,22,14,max_epsilon,carts,carts-5b77c45b65-wqvh5,False,carts-db,carts-db|carts|front-end,carts-db|carts|front-end|user|orders,carts-db-0,carts-db-0|carts-5b77c45b65-wqvh5|front-end-65f844fc76-4pkd6,carts-db-0|carts-5b77c45b65-wqvh5|front-end-65f844fc76-4pkd6|user-5c64496568-q4pst|orders-94d48dc8-7xwrn,False,True,True,False,True,True
2026_03_14,pod_memory_hog_queue-master_001,ok,normal_hibibe,2026-03-14 07:49:40.154315,2026-03-14 07:54:40.154315,129,77,22,14,max_epsilon,queue-master,queue-master-5bb5566684-6zh6n,False,orders,orders|carts|carts-db,orders|carts|carts-db|front-end|user-db,orders-94d48dc8-9smxp,orders-94d48dc8-9smxp|orders-94d48dc8-7xwrn|carts-5b77c45b65-4p8sp,orders-94d48dc8-9smxp|orders-94d48dc8-7xwrn|carts-5b77c45b65-4p8sp|carts-db-0|front-end-65f844fc76-4pkd6,False,False,False,False,False,False
2026_03_14,pod_network_partition_shipping_001,ok,normal_hibibe,2026-03-14 07:49:40.154315,2026-03-14 07:54:40.154315,136,95,22,14,max_epsilon,shipping,shipping-66d8f78d5f-n8lvv,False,shipping,shipping|orders|carts-db,shipping|orders|carts-db|carts|front-end,shipping-66d8f78d5f-n8lvv,shipping-66d8f78d5f-n8lvv|orders-94d48dc8-7xwrn|carts-db-0,shipping-66d8f78d5f-n8lvv|orders-94d48dc8-7xwrn|carts-db-0|carts-5b77c45b65-4p8sp|front-end-65f844fc76-4pkd6,True,True,True,True,True,True
2026_03_14,pod_network_delay_payment_001,ok,normal_hibibe,2026-03-14 07:49:40.154315,2026-03-14 07:54:40.154315,131,76,22,14,max_epsilon,payment,payment-664c4d4c74-2jg6l,False,orders,orders|front-end|carts,orders|front-end|carts|catalogue|queue-master,orders-94d48dc8-7xwrn,orders-94d48dc8-7xwrn|front-end-65f844fc76-4pkd6|front-end-65f844fc76-s269x,orders-94d48dc8-7xwrn|front-end-65f844fc76-4pkd6|front-end-65f844fc76-s269x|orders-94d48dc8-9smxp|carts-5b77c45b65-wqvh5,False,False,False,False,False,False
2026_03_14,pod_network_partition_user_001,ok,normal_hibibe,2026-03-14 07:49:40.154315,2026-03-14 07:54:40.154315,138,87,22,14,max_epsilon,user,user-5c64496568-xhbmp,False,user,user|orders|front-end,user|orders|front-end|shipping|session-db,user-5c64496568-xhbmp,user-5c64496568-xhbmp|user-5c64496568-q4pst|orders-94d48dc8-7xwrn,user-5c64496568-xhbmp|user-5c64496568-q4pst|orders-94d48dc8-7xwrn|front-end-65f844fc76-s269x|front-end-65f844fc76-4pkd6,True,True,True,True,True,True
2026_03_14,pod_cpu_hog_user_001,ok,normal_hibibe,2026-03-14 07:49:40.154315,2026-03-14 07:54:40.154315,130,78,22,14,max_epsilon,user,user-5c64496568-q4pst,False,orders,orders|user|front-end,orders|user|front-end|user-db|carts-db,orders-94d48dc8-7xwrn,orders-94d48dc8-7xwrn|user-5c64496568-xhbmp|front-end-65f844fc76-s269x,orders-94d48dc8-7xwrn|user-5c64496568-xhbmp|front-end-65f844fc76-s269x|user-db-0|front-end-65f844fc76-4pkd6,False,True,True,False,False,False
2026_03_14,pod_java_exception_shipping_001,ok,normal_hibibe,2026-03-14 07:49:40.154315,2026-03-14 07:54:40.154315,141,78,22,14,max_epsilon,shipping,shipping-66d8f78d5f-n8lvv,False,user-db,user-db|shipping|orders,user-db|shipping|orders|user|carts,user-db-0,user-db-0|shipping-66d8f78d5f-n8lvv|orders-94d48dc8-7xwrn,user-db-0|shipping-66d8f78d5f-n8lvv|orders-94d48dc8-7xwrn|user-5c64496568-xhbmp|carts-5b77c45b65-4p8sp,False,True,True,False,True,True
2026_03_14,pod_cpu_hog_carts-db_001,ok,normal_hibibe,2026-03-14 07:49:40.154315,2026-03-14 07:54:40.154315,129,94,22,14,max_epsilon,carts-db,carts-db-0,True,user,user|user-db|orders,user|user-db|orders|shipping|carts-db,user-5c64496568-xhbmp,user-5c64496568-xhbmp|user-db-0|orders-94d48dc8-7xwrn,user-5c64496568-xhbmp|user-db-0|orders-94d48dc8-7xwrn|shipping-66d8f78d5f-n8lvv|carts-db-0,False,False,True,False,False,True
2026_03_14,pod_do_fault_catalogue_001,ok,normal_hibibe,2026-03-14 07:49:40.154315,2026-03-14 07:54:40.154315,135,85,22,14,max_epsilon,catalogue,catalogue-58bdd4d4f9-fdnfw,False,catalogue,catalogue|orders|user,catalogue|orders|user|shipping|user-db,catalogue-58bdd4d4f9-fdnfw,catalogue-58bdd4d4f9-fdnfw|catalogue-58bdd4d4f9-qtnpk|orders-94d48dc8-7xwrn,catalogue-58bdd4d4f9-fdnfw|catalogue-58bdd4d4f9-qtnpk|orders-94d48dc8-7xwrn|user-5c64496568-xhbmp|shipping-66d8f78d5f-n8lvv,True,True,True,True,True,True
2026_03_14,pod_network_delay_front-end_001,ok,normal_hibibe,2026-03-14 07:49:40.154315,2026-03-14 07:54:40.154315,127,81,22,14,max_epsilon,front-end,front-end-65f844fc76-s269x,False,front-end,front-end|shipping|user,front-end|shipping|user|catalogue|orders,front-end-65f844fc76-s269x,front-end-65f844fc76-s269x|shipping-66d8f78d5f-n8lvv|user-5c64496568-xhbmp,front-end-65f844fc76-s269x|shipping-66d8f78d5f-n8lvv|user-5c64496568-xhbmp|catalogue-58bdd4d4f9-fdnfw|orders-94d48dc8-7xwrn,True,True,True,True,True,True
2026_03_14,pod_do_fault_carts_001,ok,normal_hibibe,2026-03-14 07:49:40.154315,2026-03-14 07:54:40.154315,141,95,22,14,max_epsilon,carts,carts-5b77c45b65-4p8sp,False,carts,carts|orders|shipping,carts|orders|shipping|user|user-db,carts-5b77c45b65-4p8sp,carts-5b77c45b65-4p8sp|orders-94d48dc8-7xwrn|shipping-66d8f78d5f-n8lvv,carts-5b77c45b65-4p8sp|orders-94d48dc8-7xwrn|shipping-66d8f78d5f-n8lvv|user-5c64496568-xhbmp|user-db-0,True,True,True,True,True,True
2026_03_14,pod_network_partition_front-end_001,ok,normal_hibibe,2026-03-14 07:49:40.154315,2026-03-14 07:54:40.154315,129,75,22,14,max_epsilon,front-end,front-end-65f844fc76-s269x,False,front-end,front-end|carts|orders,front-end|carts|orders|shipping|user,front-end-65f844fc76-s269x,front-end-65f844fc76-s269x|front-end-65f844fc76-4pkd6|carts-5b77c45b65-4p8sp,front-end-65f844fc76-s269x|front-end-65f844fc76-4pkd6|carts-5b77c45b65-4p8sp|orders-94d48dc8-7xwrn|shipping-66d8f78d5f-n8lvv,True,True,True,True,True,True
2026_03_14,pod_network_partition_carts_001,ok,normal_xcgtuh,2026-03-14 12:21:03.042273,2026-03-14 12:26:03.042273,133,82,22,14,max_epsilon,carts,carts-5b77c45b65-4p8sp,False,carts,carts|front-end|carts-db,carts|front-end|carts-db|orders|user,carts-5b77c45b65-4p8sp,carts-5b77c45b65-4p8sp|carts-5b77c45b65-wqvh5|front-end-65f844fc76-4pkd6,carts-5b77c45b65-4p8sp|carts-5b77c45b65-wqvh5|front-end-65f844fc76-4pkd6|carts-db-0|front-end-65f844fc76-s269x,True,True,True,True,True,True
2026_03_14,pod_network_partition_queue-master_001,ok,normal_xcgtuh,2026-03-14 12:21:03.042273,2026-03-14 12:26:03.042273,128,76,22,14,max_epsilon,queue-master,queue-master-5bb5566684-24lr5,False,queue-master,queue-master|carts|orders,queue-master|carts|orders|user|carts-db,queue-master-5bb5566684-24lr5,queue-master-5bb5566684-24lr5|carts-5b77c45b65-4p8sp|orders-94d48dc8-7xwrn,queue-master-5bb5566684-24lr5|carts-5b77c45b65-4p8sp|orders-94d48dc8-7xwrn|orders-94d48dc8-9smxp|user-5c64496568-q4pst,True,True,True,True,True,True
2026_03_14,pod_network_loss_shipping_001,ok,normal_g8wi5t,2026-03-14 13:35:18.902354,2026-03-14 13:40:18.902354,131,73,22,14,max_epsilon,shipping,shipping-66d8f78d5f-qs6t2,False,front-end,front-end|carts|carts-db,front-end|carts|carts-db|shipping|catalogue,front-end-65f844fc76-4pkd6,front-end-65f844fc76-4pkd6|front-end-65f844fc76-s269x|carts-5b77c45b65-wqvh5,front-end-65f844fc76-4pkd6|front-end-65f844fc76-s269x|carts-5b77c45b65-wqvh5|carts-db-0|shipping-66d8f78d5f-n8lvv,False,False,True,False,False,False
2026_03_14,pod_network_partition_payment_001,ok,normal_dv50op,2026-03-14 14:09:25.636239,2026-03-14 14:14:25.636239,137,91,22,14,max_epsilon,payment,payment-664c4d4c74-2jg6l,False,payment,payment|orders|user-db,payment|orders|user-db|user|catalogue,payment-664c4d4c74-2jg6l,payment-664c4d4c74-2jg6l|orders-94d48dc8-7xwrn|user-db-0,payment-664c4d4c74-2jg6l|orders-94d48dc8-7xwrn|user-db-0|orders-94d48dc8-9smxp|user-5c64496568-q4pst,True,True,True,True,True,True
2026_03_14,pod_cpu_hog_orders_001,ok,normal_dv50op,2026-03-14 14:09:25.636239,2026-03-14 14:14:25.636239,128,69,22,14,max_epsilon,orders,orders-94d48dc8-7xwrn,False,front-end,front-end|user|carts,front-end|user|carts|catalogue|user-db,front-end-65f844fc76-s269x,front-end-65f844fc76-s269x|user-5c64496568-xhbmp|carts-5b77c45b65-wqvh5,front-end-65f844fc76-s269x|user-5c64496568-xhbmp|carts-5b77c45b65-wqvh5|catalogue-58bdd4d4f9-qtnpk|user-db-0,False,False,False,False,False,False
2026_03_14,pod_network_loss_orders_001,ok,normal_dv50op,2026-03-14 14:09:25.636239,2026-03-14 14:14:25.636239,129,75,22,14,max_epsilon,orders,orders-94d48dc8-9smxp,False,orders,orders|carts-db|catalogue,orders|carts-db|catalogue|carts|front-end,orders-94d48dc8-9smxp,orders-94d48dc8-9smxp|carts-db-0|catalogue-58bdd4d4f9-qtnpk,orders-94d48dc8-9smxp|carts-db-0|catalogue-58bdd4d4f9-qtnpk|carts-5b77c45b65-wqvh5|front-end-65f844fc76-s269x,True,True,True,True,True,True
2026_03_14,pod_cpu_hog_catalogue-db_001,ok,normal_4b6xoa,2026-03-14 15:20:43.701294,2026-03-14 15:25:43.701294,129,94,22,14,max_epsilon,catalogue-db,catalogue-db-0,True,front-end,front-end|carts|carts-db,front-end|carts|carts-db|user|shipping,front-end-65f844fc76-s269x,front-end-65f844fc76-s269x|front-end-65f844fc76-4pkd6|carts-5b77c45b65-wqvh5,front-end-65f844fc76-s269x|front-end-65f844fc76-4pkd6|carts-5b77c45b65-wqvh5|carts-db-0|user-5c64496568-q4pst,False,False,False,False,False,False
2026_03_14,pod_memory_hog_orders_001,ok,normal_4b6xoa,2026-03-14 15:20:43.701294,2026-03-14 15:25:43.701294,130,67,22,14,max_epsilon,orders,orders-94d48dc8-7xwrn,False,front-end,front-end|orders|user,front-end|orders|user|carts-db|carts,front-end-65f844fc76-4pkd6,front-end-65f844fc76-4pkd6|orders-94d48dc8-9smxp|user-5c64496568-q4pst,front-end-65f844fc76-4pkd6|orders-94d48dc8-9smxp|user-5c64496568-q4pst|carts-db-0|carts-5b77c45b65-4p8sp,False,True,True,False,False,False
2026_03_14,pod_network_loss_user_001,ok,normal_4b6xoa,2026-03-14 15:20:43.701294,2026-03-14 15:25:43.701294,130,84,22,14,max_epsilon,user,user-5c64496568-xhbmp,False,front-end,front-end|orders|user,front-end|orders|user|payment|carts,front-end-65f844fc76-s269x,front-end-65f844fc76-s269x|orders-94d48dc8-9smxp|user-5c64496568-q4pst,front-end-65f844fc76-s269x|orders-94d48dc8-9smxp|user-5c64496568-q4pst|payment-664c4d4c74-fjnln|carts-5b77c45b65-4p8sp,False,True,True,False,False,False
2026_03_14,pod_do_fault_shipping_001,ok,normal_4b6xoa,2026-03-14 15:20:43.701294,2026-03-14 15:25:43.701294,142,86,22,14,max_epsilon,shipping,shipping-66d8f78d5f-n8lvv,False,shipping,shipping|carts-db|front-end,shipping|carts-db|front-end|carts|catalogue,shipping-66d8f78d5f-n8lvv,shipping-66d8f78d5f-n8lvv|carts-db-0|front-end-65f844fc76-s269x,shipping-66d8f78d5f-n8lvv|carts-db-0|front-end-65f844fc76-s269x|carts-5b77c45b65-4p8sp|catalogue-58bdd4d4f9-fdnfw,True,True,True,True,True,True
2026_03_14,pod_do_fault_orders_001,ok,normal_jde3oo,2026-03-14 16:44:06.871174,2026-03-14 16:49:06.871174,137,84,22,14,max_epsilon,orders,orders-94d48dc8-7xwrn,False,orders,orders|front-end|shipping,orders|front-end|shipping|catalogue|user,orders-94d48dc8-7xwrn,orders-94d48dc8-7xwrn|front-end-65f844fc76-s269x|shipping-66d8f78d5f-qs6t2,orders-94d48dc8-7xwrn|front-end-65f844fc76-s269x|shipping-66d8f78d5f-qs6t2|catalogue-58bdd4d4f9-qtnpk|user-5c64496568-xhbmp,True,True,True,True,True,True
2026_03_14,pod_do_fault_carts-db_001,ok,normal_jde3oo,2026-03-14 16:44:06.871174,2026-03-14 16:49:06.871174,142,101,22,14,max_epsilon,carts-db,carts-db-0,True,orders,orders|front-end|carts,orders|front-end|carts|carts-db|catalogue,orders-94d48dc8-7xwrn,orders-94d48dc8-7xwrn|front-end-65f844fc76-4pkd6|front-end-65f844fc76-s269x,orders-94d48dc8-7xwrn|front-end-65f844fc76-4pkd6|front-end-65f844fc76-s269x|carts-5b77c45b65-wqvh5|carts-db-0,False,False,True,False,False,True
2026_03_14,pod_io_fault_user-db_001,ok,normal_jde3oo,2026-03-14 16:44:06.871174,2026-03-14 16:49:06.871174,132,86,22,14,max_epsilon,user-db,user-db-0,True,orders,orders|carts|catalogue,orders|carts|catalogue|front-end|user-db,orders-94d48dc8-7xwrn,orders-94d48dc8-7xwrn|carts-5b77c45b65-4p8sp|catalogue-58bdd4d4f9-fdnfw,orders-94d48dc8-7xwrn|carts-5b77c45b65-4p8sp|catalogue-58bdd4d4f9-fdnfw|carts-5b77c45b65-wqvh5|front-end-65f844fc76-4pkd6,False,False,True,False,False,True
2026_03_14,pod_do_fault_orders-db_001,ok,normal_jde3oo,2026-03-14 16:44:06.871174,2026-03-14 16:49:06.871174,137,85,22,14,max_epsilon,orders-db,orders-db-0,True,orders,orders|carts|front-end,orders|carts|front-end|shipping|queue-master,orders-94d48dc8-7xwrn,orders-94d48dc8-7xwrn|carts-5b77c45b65-4p8sp|front-end-65f844fc76-4pkd6,orders-94d48dc8-7xwrn|carts-5b77c45b65-4p8sp|front-end-65f844fc76-4pkd6|orders-94d48dc8-9smxp|shipping-66d8f78d5f-n8lvv,False,False,False,False,False,False
2026_03_14,pod_memory_hog_front-end_001,ok,normal_2x85u7,2026-03-14 18:10:29.174051,2026-03-14 18:15:29.174051,131,57,22,14,max_epsilon,front-end,front-end-65f844fc76-4pkd6,False,front-end,front-end|orders|carts,front-end|orders|carts|payment|catalogue,front-end-65f844fc76-s269x,front-end-65f844fc76-s269x|front-end-65f844fc76-4pkd6|orders-94d48dc8-9smxp,front-end-65f844fc76-s269x|front-end-65f844fc76-4pkd6|orders-94d48dc8-9smxp|carts-5b77c45b65-4p8sp|payment-664c4d4c74-fjnln,True,True,True,False,True,True
2026_03_14,pod_network_delay_carts_001,ok,normal_2x85u7,2026-03-14 18:10:29.174051,2026-03-14 18:15:29.174051,130,92,22,14,max_epsilon,carts,carts-5b77c45b65-wqvh5,False,carts,carts|front-end|user,carts|front-end|user|carts-db|catalogue,carts-5b77c45b65-wqvh5,carts-5b77c45b65-wqvh5|front-end-65f844fc76-s269x|front-end-65f844fc76-4pkd6,carts-5b77c45b65-wqvh5|front-end-65f844fc76-s269x|front-end-65f844fc76-4pkd6|user-5c64496568-xhbmp|carts-5b77c45b65-4p8sp,True,True,True,True,True,True
2026_03_14,pod_memory_hog_shipping_001,ok,normal_2x85u7,2026-03-14 18:10:29.174051,2026-03-14 18:15:29.174051,130,79,22,14,max_epsilon,shipping,shipping-66d8f78d5f-qs6t2,False,orders,orders|catalogue|payment,orders|catalogue|payment|session-db|shipping,orders-94d48dc8-9smxp,orders-94d48dc8-9smxp|catalogue-58bdd4d4f9-qtnpk|catalogue-58bdd4d4f9-fdnfw,orders-94d48dc8-9smxp|catalogue-58bdd4d4f9-qtnpk|catalogue-58bdd4d4f9-fdnfw|payment-664c4d4c74-fjnln|session-db-0,False,False,True,False,False,False
2026_03_14,pod_cpu_hog_session-db_001,ok,normal_2x85u7,2026-03-14 18:10:29.174051,2026-03-14 18:15:29.174051,130,79,22,14,max_epsilon,session-db,session-db-0,True,orders,orders|front-end|carts,orders|front-end|carts|catalogue|carts-db,orders-94d48dc8-9smxp,orders-94d48dc8-9smxp|front-end-65f844fc76-4pkd6|carts-5b77c45b65-4p8sp,orders-94d48dc8-9smxp|front-end-65f844fc76-4pkd6|carts-5b77c45b65-4p8sp|catalogue-58bdd4d4f9-qtnpk|catalogue-58bdd4d4f9-fdnfw,False,False,False,False,False,False
2026_03_14,pod_network_loss_payment_001,ok,normal_2x85u7,2026-03-14 18:10:29.174051,2026-03-14 18:15:29.174051,130,53,22,14,max_epsilon,payment,payment-664c4d4c74-fjnln,False,orders,orders|user|carts,orders|user|carts|payment|catalogue,orders-94d48dc8-9smxp,orders-94d48dc8-9smxp|user-5c64496568-q4pst|carts-5b77c45b65-4p8sp,orders-94d48dc8-9smxp|user-5c64496568-q4pst|carts-5b77c45b65-4p8sp|payment-664c4d4c74-fjnln|catalogue-58bdd4d4f9-fdnfw,False,False,True,False,False,True
2026_03_14,pod_java_exception_carts_001,ok,normal_2x85u7,2026-03-14 18:10:29.174051,2026-03-14 18:15:29.174051,136,86,22,14,max_epsilon,carts,carts-5b77c45b65-4p8sp,False,carts,carts|carts-db|orders,carts|carts-db|orders|payment|catalogue,carts-5b77c45b65-4p8sp,carts-5b77c45b65-4p8sp|carts-db-0|orders-94d48dc8-9smxp,carts-5b77c45b65-4p8sp|carts-db-0|orders-94d48dc8-9smxp|payment-664c4d4c74-fjnln|catalogue-58bdd4d4f9-qtnpk,True,True,True,True,True,True
2026_03_14,pod_cpu_hog_user-db_001,ok,normal_j0ykq8,2026-03-14 20:00:04.341432,2026-03-14 20:05:04.341432,131,72,22,14,max_epsilon,user-db,user-db-0,True,carts,carts|front-end|user,carts|front-end|user|carts-db|rabbitmq,carts-5b77c45b65-4p8sp,carts-5b77c45b65-4p8sp|front-end-65f844fc76-4pkd6|user-5c64496568-q4pst,carts-5b77c45b65-4p8sp|front-end-65f844fc76-4pkd6|user-5c64496568-q4pst|carts-db-0|rabbitmq-0,False,False,False,False,False,False
2026_03_14,pod_network_delay_shipping_001,ok,normal_j0ykq8,2026-03-14 20:00:04.341432,2026-03-14 20:05:04.341432,132,53,21,14,max_epsilon,shipping,shipping-66d8f78d5f-n8lvv,False,front-end,front-end|carts-db|user-db,front-end|carts-db|user-db|queue-master|shipping,front-end-65f844fc76-s269x,front-end-65f844fc76-s269x|carts-db-0|user-db-0,front-end-65f844fc76-s269x|carts-db-0|user-db-0|queue-master-5bb5566684-24lr5|shipping-66d8f78d5f-n8lvv,False,False,True,False,False,True
2026_03_14,pod_network_delay_user_001,ok,normal_j0ykq8,2026-03-14 20:00:04.341432,2026-03-14 20:05:04.341432,132,90,22,14,max_epsilon,user,user-5c64496568-xhbmp,False,front-end,front-end|user|shipping,front-end|user|shipping|catalogue|carts,front-end-65f844fc76-4pkd6,front-end-65f844fc76-4pkd6|user-5c64496568-q4pst|front-end-65f844fc76-s269x,front-end-65f844fc76-4pkd6|user-5c64496568-q4pst|front-end-65f844fc76-s269x|shipping-66d8f78d5f-qs6t2|catalogue-58bdd4d4f9-qtnpk,False,True,True,False,False,False
2026_03_14,pod_java_exception_orders_001,ok,normal_u60hpv,2026-03-14 21:12:21.706051,2026-03-14 21:17:21.706051,137,96,22,14,max_epsilon,orders,orders-94d48dc8-7xwrn,False,orders,orders|user|user-db,orders|user|user-db|orders-db|carts,orders-94d48dc8-7xwrn,orders-94d48dc8-7xwrn|user-5c64496568-q4pst|user-5c64496568-xhbmp,orders-94d48dc8-7xwrn|user-5c64496568-q4pst|user-5c64496568-xhbmp|user-db-0|orders-db-0,True,True,True,True,True,True
2026_03_14,pod_do_fault_catalogue-db_001,ok,normal_u60hpv,2026-03-14 21:12:21.706051,2026-03-14 21:17:21.706051,143,82,22,14,max_epsilon,catalogue-db,catalogue-db-0,True,front-end,front-end|carts-db|catalogue,front-end|carts-db|catalogue|carts|queue-master,front-end-65f844fc76-s269x,front-end-65f844fc76-s269x|carts-db-0|catalogue-58bdd4d4f9-fdnfw,front-end-65f844fc76-s269x|carts-db-0|catalogue-58bdd4d4f9-fdnfw|carts-5b77c45b65-4p8sp|queue-master-5bb5566684-24lr5,False,False,False,False,False,False
2026_03_14,pod_do_fault_front-end_001,ok,normal_u60hpv,2026-03-14 21:12:21.706051,2026-03-14 21:17:21.706051,133,69,22,14,max_epsilon,front-end,front-end-65f844fc76-4pkd6,False,front-end,front-end|catalogue|carts,front-end|catalogue|carts|orders|user,front-end-65f844fc76-4pkd6,front-end-65f844fc76-4pkd6|front-end-65f844fc76-s269x|catalogue-58bdd4d4f9-fdnfw,front-end-65f844fc76-4pkd6|front-end-65f844fc76-s269x|catalogue-58bdd4d4f9-fdnfw|carts-5b77c45b65-4p8sp|orders-94d48dc8-9smxp,True,True,True,True,True,True
2026_03_14,pod_cpu_hog_shipping_001,ok,normal_u60hpv,2026-03-14 21:12:21.706051,2026-03-14 21:17:21.706051,131,56,22,14,max_epsilon,shipping,shipping-66d8f78d5f-n8lvv,False,front-end,front-end|catalogue|carts,front-end|catalogue|carts|orders|user,front-end-65f844fc76-4pkd6,front-end-65f844fc76-4pkd6|catalogue-58bdd4d4f9-fdnfw|carts-5b77c45b65-4p8sp,front-end-65f844fc76-4pkd6|catalogue-58bdd4d4f9-fdnfw|carts-5b77c45b65-4p8sp|orders-94d48dc8-9smxp|user-5c64496568-xhbmp,False,False,False,False,False,False
2026_03_14,pod_network_loss_carts_001,ok,normal_u60hpv,2026-03-14 21:12:21.706051,2026-03-14 21:17:21.706051,130,71,22,14,max_epsilon,carts,carts-5b77c45b65-wqvh5,False,front-end,front-end|catalogue|orders,front-end|catalogue|orders|user|carts,front-end-65f844fc76-4pkd6,front-end-65f844fc76-4pkd6|catalogue-58bdd4d4f9-fdnfw|front-end-65f844fc76-s269x,front-end-65f844fc76-4pkd6|catalogue-58bdd4d4f9-fdnfw|front-end-65f844fc76-s269x|orders-94d48dc8-9smxp|user-5c64496568-xhbmp,False,False,True,False,False,False
2026_03_17,pod_network_partition_queue-master_001,ok,normal_04ivk0,2026-03-17 02:41:12.372677,2026-03-17 02:46:12.372677,127,96,22,14,max_epsilon,queue-master,queue-master-5bb5566684-9gkdj,False,queue-master,queue-master|shipping|orders,queue-master|shipping|orders|payment|user,queue-master-5bb5566684-9gkdj,queue-master-5bb5566684-9gkdj|shipping-66d8f78d5f-9rcrc|orders-94d48dc8-prbdt,queue-master-5bb5566684-9gkdj|shipping-66d8f78d5f-9rcrc|orders-94d48dc8-prbdt|orders-94d48dc8-wf5t9|payment-664c4d4c74-r8lxz,True,True,True,True,True,True
2026_03_17,pod_cpu_hog_carts-db_001,ok,normal_04ivk0,2026-03-17 02:41:12.372677,2026-03-17 02:46:12.372677,128,90,22,14,max_epsilon,carts-db,carts-db-0,True,orders,orders|shipping|catalogue,orders|shipping|catalogue|session-db|rabbitmq,orders-94d48dc8-prbdt,orders-94d48dc8-prbdt|shipping-66d8f78d5f-9rcrc|orders-94d48dc8-wf5t9,orders-94d48dc8-prbdt|shipping-66d8f78d5f-9rcrc|orders-94d48dc8-wf5t9|catalogue-58bdd4d4f9-48jpd|shipping-66d8f78d5f-wknr9,False,False,False,False,False,False
2026_03_17,pod_network_delay_catalogue_001,ok,normal_04ivk0,2026-03-17 02:41:12.372677,2026-03-17 02:46:12.372677,128,89,22,14,max_epsilon,catalogue,catalogue-58bdd4d4f9-48jpd,False,shipping,shipping|orders|front-end,shipping|orders|front-end|queue-master|user,shipping-66d8f78d5f-9rcrc,shipping-66d8f78d5f-9rcrc|orders-94d48dc8-wf5t9|orders-94d48dc8-prbdt,shipping-66d8f78d5f-9rcrc|orders-94d48dc8-wf5t9|orders-94d48dc8-prbdt|front-end-65f844fc76-bf6dh|queue-master-5bb5566684-svnn4,False,False,False,False,False,False
2026_03_17,pod_cpu_hog_carts_001,ok,normal_04ivk0,2026-03-17 02:41:12.372677,2026-03-17 02:46:12.372677,129,90,22,14,max_epsilon,carts,carts-5b77c45b65-ks75w,False,orders,orders|shipping|carts-db,orders|shipping|carts-db|catalogue|user,orders-94d48dc8-prbdt,orders-94d48dc8-prbdt|orders-94d48dc8-wf5t9|shipping-66d8f78d5f-9rcrc,orders-94d48dc8-prbdt|orders-94d48dc8-wf5t9|shipping-66d8f78d5f-9rcrc|carts-db-0|catalogue-58bdd4d4f9-48jpd,False,False,False,False,False,False
2026_03_17,pod_network_loss_front-end_001,ok,normal_04ivk0,2026-03-17 02:41:12.372677,2026-03-17 02:46:12.372677,128,88,22,14,max_epsilon,front-end,front-end-65f844fc76-9z5xb,False,shipping,shipping|orders|user,shipping|orders|user|front-end|rabbitmq,shipping-66d8f78d5f-9rcrc,shipping-66d8f78d5f-9rcrc|orders-94d48dc8-prbdt|orders-94d48dc8-wf5t9,shipping-66d8f78d5f-9rcrc|orders-94d48dc8-prbdt|orders-94d48dc8-wf5t9|user-5c64496568-7jpx8|front-end-65f844fc76-bf6dh,False,False,True,False,False,False
2026_03_17,pod_network_delay_carts_001,ok,normal_04ivk0,2026-03-17 02:41:12.372677,2026-03-17 02:46:12.372677,128,76,22,14,max_epsilon,carts,carts-5b77c45b65-ks75w,False,orders,orders|shipping|carts,orders|shipping|carts|front-end|queue-master,orders-94d48dc8-wf5t9,orders-94d48dc8-wf5t9|orders-94d48dc8-prbdt|shipping-66d8f78d5f-9rcrc,orders-94d48dc8-wf5t9|orders-94d48dc8-prbdt|shipping-66d8f78d5f-9rcrc|carts-5b77c45b65-z9k6r|carts-5b77c45b65-ks75w,False,True,True,False,False,True
2026_03_17,pod_network_partition_payment_001,ok,normal_04ivk0,2026-03-17 02:41:12.372677,2026-03-17 02:46:12.372677,136,106,22,14,max_epsilon,payment,payment-664c4d4c74-r8lxz,False,payment,payment|shipping|carts,payment|shipping|carts|front-end|carts-db,payment-664c4d4c74-r8lxz,payment-664c4d4c74-r8lxz|shipping-66d8f78d5f-9rcrc|payment-664c4d4c74-xbjhf,payment-664c4d4c74-r8lxz|shipping-66d8f78d5f-9rcrc|payment-664c4d4c74-xbjhf|carts-5b77c45b65-z9k6r|front-end-65f844fc76-bf6dh,True,True,True,True,True,True
2026_03_17,pod_do_fault_shipping_001,ok,normal_04ivk0,2026-03-17 02:41:12.372677,2026-03-17 02:46:12.372677,140,85,22,14,max_epsilon,shipping,shipping-66d8f78d5f-9rcrc,False,shipping,shipping|carts|carts-db,shipping|carts|carts-db|queue-master|catalogue-db,shipping-66d8f78d5f-9rcrc,shipping-66d8f78d5f-9rcrc|carts-5b77c45b65-z9k6r|carts-db-0,shipping-66d8f78d5f-9rcrc|carts-5b77c45b65-z9k6r|carts-db-0|queue-master-5bb5566684-9gkdj|queue-master-5bb5566684-svnn4,True,True,True,True,True,True
2026_03_17,pod_cpu_hog_shipping_001,ok,normal_04ivk0,2026-03-17 02:41:12.372677,2026-03-17 02:46:12.372677,128,92,22,14,max_epsilon,shipping,shipping-66d8f78d5f-9rcrc,False,front-end,front-end|orders|user,front-end|orders|user|shipping|payment,front-end-65f844fc76-bf6dh,front-end-65f844fc76-bf6dh|orders-94d48dc8-prbdt|orders-94d48dc8-wf5t9,front-end-65f844fc76-bf6dh|orders-94d48dc8-prbdt|orders-94d48dc8-wf5t9|user-5c64496568-7jpx8|shipping-66d8f78d5f-9rcrc,False,False,True,False,False,True
2026_03_17,pod_cpu_hog_session-db_001,ok,normal_04ivk0,2026-03-17 02:41:12.372677,2026-03-17 02:46:12.372677,130,100,22,14,max_epsilon,session-db,session-db-0,True,front-end,front-end|user|shipping,front-end|user|shipping|carts|catalogue,front-end-65f844fc76-bf6dh,front-end-65f844fc76-bf6dh|user-5c64496568-xj5vk|shipping-66d8f78d5f-9rcrc,front-end-65f844fc76-bf6dh|user-5c64496568-xj5vk|shipping-66d8f78d5f-9rcrc|carts-5b77c45b65-z9k6r|catalogue-58bdd4d4f9-48jpd,False,False,False,False,False,False
2026_03_17,pod_network_loss_payment_001,ok,normal_ndhw98,2026-03-17 03:13:18.311438,2026-03-17 03:18:18.311438,129,100,22,14,max_epsilon,payment,payment-664c4d4c74-r8lxz,False,front-end,front-end|carts-db|carts,front-end|carts-db|carts|orders|user,front-end-65f844fc76-bf6dh,front-end-65f844fc76-bf6dh|carts-db-0|carts-5b77c45b65-z9k6r,front-end-65f844fc76-bf6dh|carts-db-0|carts-5b77c45b65-z9k6r|carts-5b77c45b65-ks75w|orders-94d48dc8-prbdt,False,False,False,False,False,False
2026_03_17,pod_network_delay_queue-master_001,ok,normal_ndhw98,2026-03-17 03:13:18.311438,2026-03-17 03:18:18.311438,128,47,20,13,max_epsilon,queue-master,queue-master-5bb5566684-9gkdj,False,orders,orders|carts|user,orders|carts|user|shipping|rabbitmq,orders-94d48dc8-prbdt,orders-94d48dc8-prbdt|carts-5b77c45b65-ks75w|user-5c64496568-xj5vk,orders-94d48dc8-prbdt|carts-5b77c45b65-ks75w|user-5c64496568-xj5vk|user-5c64496568-7jpx8|shipping-66d8f78d5f-9rcrc,False,False,False,False,False,False
2026_03_17,pod_java_exception_carts_001,ok,normal_ndhw98,2026-03-17 03:13:18.311438,2026-03-17 03:18:18.311438,135,105,22,14,max_epsilon,carts,carts-5b77c45b65-ks75w,False,carts,carts|carts-db|user,carts|carts-db|user|shipping|queue-master,carts-5b77c45b65-ks75w,carts-5b77c45b65-ks75w|carts-db-0|user-5c64496568-7jpx8,carts-5b77c45b65-ks75w|carts-db-0|user-5c64496568-7jpx8|carts-5b77c45b65-z9k6r|shipping-66d8f78d5f-9rcrc,True,True,True,True,True,True
2026_03_17,pod_cpu_hog_front-end_001,ok,normal_ndhw98,2026-03-17 03:13:18.311438,2026-03-17 03:18:18.311438,128,95,22,14,max_epsilon,front-end,front-end-65f844fc76-9z5xb,False,carts,carts|orders|catalogue,carts|orders|catalogue|queue-master|user-db,carts-5b77c45b65-ks75w,carts-5b77c45b65-ks75w|orders-94d48dc8-prbdt|carts-5b77c45b65-z9k6r,carts-5b77c45b65-ks75w|orders-94d48dc8-prbdt|carts-5b77c45b65-z9k6r|catalogue-58bdd4d4f9-sld8g|queue-master-5bb5566684-9gkdj,False,False,False,False,False,False
2026_03_17,pod_io_fault_carts-db_001,ok,normal_jzl25y,2026-03-17 04:40:38.172470,2026-03-17 04:45:38.172470,131,74,22,14,max_epsilon,carts-db,carts-db-0,True,carts,carts|carts-db|orders-db,carts|carts-db|orders-db|catalogue|user,carts-5b77c45b65-z9k6r,carts-5b77c45b65-z9k6r|carts-db-0|orders-db-0,carts-5b77c45b65-z9k6r|carts-db-0|orders-db-0|carts-5b77c45b65-ks75w|catalogue-58bdd4d4f9-sld8g,False,True,True,False,True,True
2026_03_17,pod_network_partition_catalogue_001,ok,normal_jzl25y,2026-03-17 04:40:38.172470,2026-03-17 04:45:38.172470,129,76,22,14,max_epsilon,catalogue,catalogue-58bdd4d4f9-48jpd,False,catalogue,catalogue|user|carts,catalogue|user|carts|session-db|carts-db,catalogue-58bdd4d4f9-48jpd,catalogue-58bdd4d4f9-48jpd|catalogue-58bdd4d4f9-sld8g|user-5c64496568-xj5vk,catalogue-58bdd4d4f9-48jpd|catalogue-58bdd4d4f9-sld8g|user-5c64496568-xj5vk|carts-5b77c45b65-z9k6r|carts-5b77c45b65-ks75w,True,True,True,True,True,True
2026_03_17,pod_cpu_hog_catalogue-db_001,ok,normal_jzl25y,2026-03-17 04:40:38.172470,2026-03-17 04:45:38.172470,131,54,21,13,max_epsilon,catalogue-db,catalogue-db-0,True,catalogue,catalogue|front-end|carts,catalogue|front-end|carts|shipping|queue-master,catalogue-58bdd4d4f9-48jpd,catalogue-58bdd4d4f9-48jpd|front-end-65f844fc76-9z5xb|carts-5b77c45b65-z9k6r,catalogue-58bdd4d4f9-48jpd|front-end-65f844fc76-9z5xb|carts-5b77c45b65-z9k6r|carts-5b77c45b65-ks75w|shipping-66d8f78d5f-9rcrc,False,False,False,False,False,False
2026_03_17,pod_do_fault_carts-db_001,ok,normal_j7ogs5,2026-03-17 06:07:54.804322,2026-03-17 06:12:54.804322,144,107,22,14,max_epsilon,carts-db,carts-db-0,True,front-end,front-end|carts|carts-db,front-end|carts|carts-db|orders|catalogue,front-end-65f844fc76-9z5xb,front-end-65f844fc76-9z5xb|carts-5b77c45b65-z9k6r|carts-5b77c45b65-ks75w,front-end-65f844fc76-9z5xb|carts-5b77c45b65-z9k6r|carts-5b77c45b65-ks75w|carts-db-0|front-end-65f844fc76-bf6dh,False,True,True,False,True,True
2026_03_17,pod_do_fault_user_001,ok,normal_j7ogs5,2026-03-17 06:07:54.804322,2026-03-17 06:12:54.804322,136,77,22,14,max_epsilon,user,user-5c64496568-7jpx8,False,user,user|carts|front-end,user|carts|front-end|orders|queue-master,user-5c64496568-7jpx8,user-5c64496568-7jpx8|user-5c64496568-xj5vk|carts-5b77c45b65-z9k6r,user-5c64496568-7jpx8|user-5c64496568-xj5vk|carts-5b77c45b65-z9k6r|carts-5b77c45b65-ks75w|front-end-65f844fc76-9z5xb,True,True,True,True,True,True
2026_03_17,pod_network_loss_shipping_001,ok,normal_5jodm6,2026-03-17 06:57:07.795296,2026-03-17 07:02:07.795296,126,88,22,14,max_epsilon,shipping,shipping-66d8f78d5f-9rcrc,False,front-end,front-end|carts-db|orders,front-end|carts-db|orders|user-db|user,front-end-65f844fc76-bf6dh,front-end-65f844fc76-bf6dh|carts-db-0|orders-94d48dc8-wf5t9,front-end-65f844fc76-bf6dh|carts-db-0|orders-94d48dc8-wf5t9|orders-94d48dc8-prbdt|user-db-0,False,False,False,False,False,False
2026_03_17,pod_memory_hog_payment_001,ok,normal_5jodm6,2026-03-17 06:57:07.795296,2026-03-17 07:02:07.795296,125,67,22,14,max_epsilon,user,payment-664c4d4c74-r8lxz,False,front-end,front-end|orders|user-db,front-end|orders|user-db|shipping|carts-db,front-end-65f844fc76-bf6dh,front-end-65f844fc76-bf6dh|orders-94d48dc8-prbdt|orders-94d48dc8-wf5t9,front-end-65f844fc76-bf6dh|orders-94d48dc8-prbdt|orders-94d48dc8-wf5t9|user-db-0|shipping-66d8f78d5f-9rcrc,False,False,False,False,False,False
2026_03_17,pod_do_fault_catalogue-db_001,ok,normal_5jodm6,2026-03-17 06:57:07.795296,2026-03-17 07:02:07.795296,138,104,22,14,max_epsilon,catalogue-db,catalogue-db-0,True,carts-db,carts-db|carts|front-end,carts-db|carts|front-end|catalogue|orders,carts-db-0,carts-db-0|carts-5b77c45b65-z9k6r|front-end-65f844fc76-9z5xb,carts-db-0|carts-5b77c45b65-z9k6r|front-end-65f844fc76-9z5xb|front-end-65f844fc76-bf6dh|catalogue-58bdd4d4f9-sld8g,False,False,False,False,False,False
2026_03_17,pod_network_loss_queue-master_001,ok,normal_5jodm6,2026-03-17 06:57:07.795296,2026-03-17 07:02:07.795296,129,95,22,14,max_epsilon,queue-master,queue-master-5bb5566684-9gkdj,False,front-end,front-end|carts|user,front-end|carts|user|orders|shipping,front-end-65f844fc76-bf6dh,front-end-65f844fc76-bf6dh|carts-5b77c45b65-z9k6r|user-5c64496568-7jpx8,front-end-65f844fc76-bf6dh|carts-5b77c45b65-z9k6r|user-5c64496568-7jpx8|orders-94d48dc8-prbdt|orders-94d48dc8-wf5t9,False,False,False,False,False,False
2026_03_17,pod_memory_hog_catalogue_001,ok,normal_p7e8t8,2026-03-17 08:23:28.142358,2026-03-17 08:28:28.142358,126,63,22,14,max_epsilon,catalogue,catalogue-58bdd4d4f9-48jpd,False,front-end,front-end|carts|user,front-end|carts|user|rabbitmq|carts-db,front-end-65f844fc76-bf6dh,front-end-65f844fc76-bf6dh|front-end-65f844fc76-9z5xb|carts-5b77c45b65-ks75w,front-end-65f844fc76-bf6dh|front-end-65f844fc76-9z5xb|carts-5b77c45b65-ks75w|user-5c64496568-7jpx8|rabbitmq-0,False,False,False,False,False,False
2026_03_17,pod_java_exception_shipping_001,ok,normal_p7e8t8,2026-03-17 08:23:28.142358,2026-03-17 08:28:28.142358,138,82,22,14,max_epsilon,shipping,shipping-66d8f78d5f-9rcrc,False,front-end,front-end|orders|shipping,front-end|orders|shipping|carts|carts-db,front-end-65f844fc76-9z5xb,front-end-65f844fc76-9z5xb|front-end-65f844fc76-bf6dh|orders-94d48dc8-wf5t9,front-end-65f844fc76-9z5xb|front-end-65f844fc76-bf6dh|orders-94d48dc8-wf5t9|shipping-66d8f78d5f-9rcrc|carts-5b77c45b65-z9k6r,False,True,True,False,False,True
2026_03_17,pod_network_partition_carts_001,ok,normal_gy6yvz,2026-03-17 09:27:43.530504,2026-03-17 09:32:43.530504,132,91,22,14,max_epsilon,carts,carts-5b77c45b65-ks75w,False,carts,carts|front-end|orders,carts|front-end|orders|carts-db|queue-master,carts-5b77c45b65-ks75w,carts-5b77c45b65-ks75w|carts-5b77c45b65-z9k6r|front-end-65f844fc76-bf6dh,carts-5b77c45b65-ks75w|carts-5b77c45b65-z9k6r|front-end-65f844fc76-bf6dh|orders-94d48dc8-wf5t9|front-end-65f844fc76-9z5xb,True,True,True,True,True,True
2026_03_17,pod_memory_hog_user_001,ok,normal_dw3pj8,2026-03-17 10:01:49.831496,2026-03-17 10:06:49.831496,126,66,22,14,max_epsilon,user,user-5c64496568-7jpx8,False,carts-db,carts-db|payment|user,carts-db|payment|user|carts|queue-master,carts-db-0,carts-db-0|payment-664c4d4c74-xbjhf|user-5c64496568-7jpx8,carts-db-0|payment-664c4d4c74-xbjhf|user-5c64496568-7jpx8|user-5c64496568-xj5vk|carts-5b77c45b65-z9k6r,False,True,True,False,True,True
2026_03_17,pod_do_fault_queue-master_001,ok,normal_dw3pj8,2026-03-17 10:01:49.831496,2026-03-17 10:06:49.831496,131,89,22,14,max_epsilon,queue-master,queue-master-5bb5566684-9gkdj,False,queue-master,queue-master|catalogue|user,queue-master|catalogue|user|carts-db|payment,queue-master-5bb5566684-9gkdj,queue-master-5bb5566684-9gkdj|catalogue-58bdd4d4f9-48jpd|user-5c64496568-7jpx8,queue-master-5bb5566684-9gkdj|catalogue-58bdd4d4f9-48jpd|user-5c64496568-7jpx8|carts-db-0|payment-664c4d4c74-xbjhf,True,True,True,True,True,True
2026_03_17,pod_do_fault_payment_001,ok,normal_dw3pj8,2026-03-17 10:01:49.831496,2026-03-17 10:06:49.831496,137,70,22,14,max_epsilon,payment,payment-664c4d4c74-r8lxz,False,payment,payment|front-end|carts,payment|front-end|carts|shipping|user,payment-664c4d4c74-r8lxz,payment-664c4d4c74-r8lxz|front-end-65f844fc76-9z5xb|payment-664c4d4c74-xbjhf,payment-664c4d4c74-r8lxz|front-end-65f844fc76-9z5xb|payment-664c4d4c74-xbjhf|carts-5b77c45b65-ks75w|shipping-66d8f78d5f-9rcrc,True,True,True,True,True,True
2026_03_17,pod_network_delay_shipping_001,ok,normal_dw3pj8,2026-03-17 10:01:49.831496,2026-03-17 10:06:49.831496,128,76,22,14,max_epsilon,shipping,shipping-66d8f78d5f-9rcrc,False,front-end,front-end|payment|user,front-end|payment|user|orders|user-db,front-end-65f844fc76-bf6dh,front-end-65f844fc76-bf6dh|payment-664c4d4c74-xbjhf|user-5c64496568-7jpx8,front-end-65f844fc76-bf6dh|payment-664c4d4c74-xbjhf|user-5c64496568-7jpx8|orders-94d48dc8-prbdt|payment-664c4d4c74-r8lxz,False,False,False,False,False,False
2026_03_17,pod_network_partition_shipping_001,ok,normal_dw3pj8,2026-03-17 10:01:49.831496,2026-03-17 10:06:49.831496,134,84,22,14,max_epsilon,shipping,shipping-66d8f78d5f-9rcrc,False,shipping,shipping|orders|payment,shipping|orders|payment|user|front-end,shipping-66d8f78d5f-9rcrc,shipping-66d8f78d5f-9rcrc|orders-94d48dc8-prbdt|orders-94d48dc8-wf5t9,shipping-66d8f78d5f-9rcrc|orders-94d48dc8-prbdt|orders-94d48dc8-wf5t9|payment-664c4d4c74-xbjhf|user-5c64496568-xj5vk,True,True,True,True,True,True
2026_03_17,pod_do_fault_user-db_001,ok,normal_dw3pj8,2026-03-17 10:01:49.831496,2026-03-17 10:06:49.831496,138,111,22,14,max_epsilon,user-db,user-db-0,True,user-db,user-db|user|orders,user-db|user|orders|front-end|rabbitmq,user-db-0,user-db-0|user-5c64496568-xj5vk|user-5c64496568-7jpx8,user-db-0|user-5c64496568-xj5vk|user-5c64496568-7jpx8|orders-94d48dc8-wf5t9|orders-94d48dc8-prbdt,True,True,True,True,True,True
2026_03_17,pod_cpu_hog_queue-master_001,ok,normal_dw3pj8,2026-03-17 10:01:49.831496,2026-03-17 10:06:49.831496,124,68,22,14,max_epsilon,queue-master,queue-master-5bb5566684-9gkdj,False,orders,orders|user|payment,orders|user|payment|carts|queue-master,orders-94d48dc8-wf5t9,orders-94d48dc8-wf5t9|orders-94d48dc8-prbdt|user-5c64496568-7jpx8,orders-94d48dc8-wf5t9|orders-94d48dc8-prbdt|user-5c64496568-7jpx8|payment-664c4d4c74-xbjhf|carts-5b77c45b65-ks75w,False,False,True,False,False,False
2026_03_17,pod_network_delay_user_001,ok,normal_c9edqy,2026-03-17 12:14:24.362317,2026-03-17 12:19:24.362317,124,76,22,14,max_epsilon,user,user-5c64496568-7jpx8,False,front-end,front-end|carts|carts-db,front-end|carts|carts-db|orders|user,front-end-65f844fc76-9z5xb,front-end-65f844fc76-9z5xb|front-end-65f844fc76-bf6dh|carts-5b77c45b65-z9k6r,front-end-65f844fc76-9z5xb|front-end-65f844fc76-bf6dh|carts-5b77c45b65-z9k6r|carts-db-0|carts-5b77c45b65-ks75w,False,False,True,False,False,False
2026_03_17,pod_cpu_hog_catalogue_001,ok,normal_c9edqy,2026-03-17 12:14:24.362317,2026-03-17 12:19:24.362317,125,50,22,14,max_epsilon,catalogue,catalogue-58bdd4d4f9-48jpd,False,carts,carts|user-db|shipping,carts|user-db|shipping|user|catalogue,carts-5b77c45b65-z9k6r,carts-5b77c45b65-z9k6r|user-db-0|shipping-66d8f78d5f-9rcrc,carts-5b77c45b65-z9k6r|user-db-0|shipping-66d8f78d5f-9rcrc|user-5c64496568-xj5vk|catalogue-58bdd4d4f9-48jpd,False,False,True,False,False,True
2026_03_17,pod_network_partition_user_001,ok,normal_c9edqy,2026-03-17 12:14:24.362317,2026-03-17 12:19:24.362317,134,100,22,14,max_epsilon,user,user-5c64496568-7jpx8,False,user,user|front-end|carts-db,user|front-end|carts-db|carts|orders,user-5c64496568-7jpx8,user-5c64496568-7jpx8|user-5c64496568-xj5vk|front-end-65f844fc76-bf6dh,user-5c64496568-7jpx8|user-5c64496568-xj5vk|front-end-65f844fc76-bf6dh|carts-db-0|carts-5b77c45b65-ks75w,True,True,True,True,True,True
2026_03_17,pod_do_fault_catalogue_001,ok,normal_c9edqy,2026-03-17 12:14:24.362317,2026-03-17 12:19:24.362317,129,68,22,14,max_epsilon,catalogue,catalogue-58bdd4d4f9-48jpd,False,catalogue,catalogue|user|user-db,catalogue|user|user-db|orders|shipping,catalogue-58bdd4d4f9-48jpd,catalogue-58bdd4d4f9-48jpd|catalogue-58bdd4d4f9-sld8g|user-5c64496568-7jpx8,catalogue-58bdd4d4f9-48jpd|catalogue-58bdd4d4f9-sld8g|user-5c64496568-7jpx8|user-db-0|orders-94d48dc8-prbdt,True,True,True,True,True,True
2026_03_17,pod_cpu_hog_orders_001,ok,normal_c9edqy,2026-03-17 12:14:24.362317,2026-03-17 12:19:24.362317,128,74,22,14,max_epsilon,orders,orders-94d48dc8-prbdt,False,catalogue,catalogue|user|user-db,catalogue|user|user-db|front-end|orders,catalogue-58bdd4d4f9-48jpd,catalogue-58bdd4d4f9-48jpd|user-5c64496568-7jpx8|user-db-0,catalogue-58bdd4d4f9-48jpd|user-5c64496568-7jpx8|user-db-0|front-end-65f844fc76-bf6dh|orders-94d48dc8-prbdt,False,False,True,False,False,True
2026_03_17,pod_network_delay_orders_001,ok,normal_c9edqy,2026-03-17 12:14:24.362317,2026-03-17 12:19:24.362317,127,72,22,14,max_epsilon,orders,orders-94d48dc8-prbdt,False,catalogue,catalogue|user|user-db,catalogue|user|user-db|orders|carts,catalogue-58bdd4d4f9-48jpd,catalogue-58bdd4d4f9-48jpd|user-5c64496568-7jpx8|user-db-0,catalogue-58bdd4d4f9-48jpd|user-5c64496568-7jpx8|user-db-0|orders-94d48dc8-prbdt|carts-5b77c45b65-z9k6r,False,False,True,False,False,True
2026_03_17,pod_memory_hog_orders_001,ok,normal_jqktun,2026-03-17 14:10:57.881945,2026-03-17 14:15:57.881945,129,88,22,14,max_epsilon,orders,orders-94d48dc8-prbdt,False,orders,orders|user|queue-master,orders|user|queue-master|payment|front-end,orders-94d48dc8-prbdt,orders-94d48dc8-prbdt|user-5c64496568-7jpx8|user-5c64496568-xj5vk,orders-94d48dc8-prbdt|user-5c64496568-7jpx8|user-5c64496568-xj5vk|queue-master-5bb5566684-9gkdj|payment-664c4d4c74-xbjhf,True,True,True,True,True,True
2026_03_17,pod_cpu_hog_rabbitmq_001,ok,normal_jqktun,2026-03-17 14:10:57.881945,2026-03-17 14:15:57.881945,128,93,22,14,max_epsilon,rabbitmq,rabbitmq-0,True,user,user|carts|orders,user|carts|orders|payment|catalogue,user-5c64496568-xj5vk,user-5c64496568-xj5vk|carts-5b77c45b65-ks75w|carts-5b77c45b65-z9k6r,user-5c64496568-xj5vk|carts-5b77c45b65-ks75w|carts-5b77c45b65-z9k6r|orders-94d48dc8-wf5t9|payment-664c4d4c74-r8lxz,False,False,False,False,False,False
2026_03_17,pod_network_delay_payment_001,ok,normal_of8vhz,2026-03-17 15:07:09.404315,2026-03-17 15:12:09.404315,128,57,22,14,max_epsilon,payment,payment-664c4d4c74-r8lxz,False,front-end,front-end|user|user-db,front-end|user|user-db|orders|orders-db,front-end-65f844fc76-bf6dh,front-end-65f844fc76-bf6dh|user-5c64496568-7jpx8|user-db-0,front-end-65f844fc76-bf6dh|user-5c64496568-7jpx8|user-db-0|orders-94d48dc8-wf5t9|orders-db-0,False,False,False,False,False,False
2026_03_17,pod_java_exception_orders_001,ok,normal_c0se4t,2026-03-17 15:39:15.120627,2026-03-17 15:44:15.120627,136,88,22,14,max_epsilon,orders,orders-94d48dc8-prbdt,False,orders,orders|carts-db|orders-db,orders|carts-db|orders-db|user|user-db,orders-94d48dc8-prbdt,orders-94d48dc8-prbdt|carts-db-0|orders-db-0,orders-94d48dc8-prbdt|carts-db-0|orders-db-0|user-5c64496568-xj5vk|user-5c64496568-7jpx8,True,True,True,True,True,True
2026_03_17,pod_do_fault_orders_001,ok,normal_c0se4t,2026-03-17 15:39:15.120627,2026-03-17 15:44:15.120627,139,74,21,14,max_epsilon,orders,orders-94d48dc8-prbdt,False,orders,orders|front-end|carts-db,orders|front-end|carts-db|user|carts,orders-94d48dc8-prbdt,orders-94d48dc8-prbdt|front-end-65f844fc76-9z5xb|front-end-65f844fc76-bf6dh,orders-94d48dc8-prbdt|front-end-65f844fc76-9z5xb|front-end-65f844fc76-bf6dh|carts-db-0|user-5c64496568-7jpx8,True,True,True,True,True,True
2026_03_17,pod_network_loss_carts_001,ok,normal_c0se4t,2026-03-17 15:39:15.120627,2026-03-17 15:44:15.120627,128,88,22,14,max_epsilon,carts,carts-5b77c45b65-ks75w,False,orders,orders|front-end|user,orders|front-end|user|queue-master|user-db,orders-94d48dc8-prbdt,orders-94d48dc8-prbdt|front-end-65f844fc76-9z5xb|user-5c64496568-7jpx8,orders-94d48dc8-prbdt|front-end-65f844fc76-9z5xb|user-5c64496568-7jpx8|front-end-65f844fc76-bf6dh|queue-master-5bb5566684-9gkdj,False,False,False,False,False,False
2026_03_17,pod_do_fault_carts_001,ok,normal_c0se4t,2026-03-17 15:39:15.120627,2026-03-17 15:44:15.120627,143,97,21,13,max_epsilon,carts,carts-5b77c45b65-ks75w,False,orders,orders|carts|front-end,orders|carts|front-end|carts-db|user,orders-94d48dc8-prbdt,orders-94d48dc8-prbdt|carts-5b77c45b65-ks75w|front-end-65f844fc76-9z5xb,orders-94d48dc8-prbdt|carts-5b77c45b65-ks75w|front-end-65f844fc76-9z5xb|carts-db-0|front-end-65f844fc76-bf6dh,False,True,True,False,True,True
2026_03_17,pod_network_loss_catalogue_001,ok,normal_c0se4t,2026-03-17 15:39:15.120627,2026-03-17 15:44:15.120627,128,84,22,14,max_epsilon,catalogue,catalogue-58bdd4d4f9-48jpd,False,orders,orders|carts|front-end,orders|carts|front-end|user|catalogue,orders-94d48dc8-prbdt,orders-94d48dc8-prbdt|carts-5b77c45b65-ks75w|front-end-65f844fc76-9z5xb,orders-94d48dc8-prbdt|carts-5b77c45b65-ks75w|front-end-65f844fc76-9z5xb|front-end-65f844fc76-bf6dh|carts-5b77c45b65-z9k6r,False,False,True,False,False,False
2026_03_17,pod_network_delay_front-end_001,ok,normal_c0se4t,2026-03-17 15:39:15.120627,2026-03-17 15:44:15.120627,128,83,22,14,max_epsilon,front-end,front-end-65f844fc76-9z5xb,False,orders,orders|carts|front-end,orders|carts|front-end|carts-db|user,orders-94d48dc8-prbdt,orders-94d48dc8-prbdt|carts-5b77c45b65-ks75w|front-end-65f844fc76-9z5xb,orders-94d48dc8-prbdt|carts-5b77c45b65-ks75w|front-end-65f844fc76-9z5xb|front-end-65f844fc76-bf6dh|carts-db-0,False,True,True,False,True,True
2026_03_17,pod_cpu_hog_user_001,ok,normal_d7r2xr,2026-03-17 17:33:50.322598,2026-03-17 17:38:50.322598,127,88,22,14,max_epsilon,user,user-5c64496568-7jpx8,False,orders,orders|shipping|front-end,orders|shipping|front-end|user|carts-db,orders-94d48dc8-wf5t9,orders-94d48dc8-wf5t9|shipping-66d8f78d5f-9rcrc|front-end-65f844fc76-bf6dh,orders-94d48dc8-wf5t9|shipping-66d8f78d5f-9rcrc|front-end-65f844fc76-bf6dh|user-5c64496568-7jpx8|carts-db-0,False,False,True,False,False,True
2026_03_17,pod_network_loss_orders_001,ok,normal_yu8ncu,2026-03-17 18:03:55.858553,2026-03-17 18:08:55.858553,131,77,22,14,max_epsilon,orders,orders-94d48dc8-prbdt,False,queue-master,queue-master|shipping|user-db,queue-master|shipping|user-db|carts|catalogue,queue-master-5bb5566684-svnn4,queue-master-5bb5566684-svnn4|shipping-66d8f78d5f-9rcrc|user-db-0,queue-master-5bb5566684-svnn4|shipping-66d8f78d5f-9rcrc|user-db-0|carts-5b77c45b65-ks75w|catalogue-58bdd4d4f9-sld8g,False,False,False,False,False,False
2026_03_17,pod_memory_hog_carts_001,ok,normal_yu8ncu,2026-03-17 18:03:55.858553,2026-03-17 18:08:55.858553,126,52,22,14,max_epsilon,carts,carts-5b77c45b65-ks75w,False,carts,carts|catalogue|user-db,carts|catalogue|user-db|orders|user,carts-5b77c45b65-z9k6r,carts-5b77c45b65-z9k6r|carts-5b77c45b65-ks75w|catalogue-58bdd4d4f9-sld8g,carts-5b77c45b65-z9k6r|carts-5b77c45b65-ks75w|catalogue-58bdd4d4f9-sld8g|catalogue-58bdd4d4f9-48jpd|user-db-0,True,True,True,False,True,True
2026_03_17,pod_memory_hog_front-end_001,ok,normal_foa0mx,2026-03-17 18:49:08.310905,2026-03-17 18:54:08.310905,126,74,22,14,max_epsilon,front-end,front-end-65f844fc76-9z5xb,False,front-end,front-end|orders|user,front-end|orders|user|queue-master|carts,front-end-65f844fc76-9z5xb,front-end-65f844fc76-9z5xb|orders-94d48dc8-wf5t9|user-5c64496568-xj5vk,front-end-65f844fc76-9z5xb|orders-94d48dc8-wf5t9|user-5c64496568-xj5vk|queue-master-5bb5566684-svnn4|carts-5b77c45b65-ks75w,True,True,True,True,True,True
2026_03_17,pod_cpu_hog_user-db_001,ok,normal_foa0mx,2026-03-17 18:49:08.310905,2026-03-17 18:54:08.310905,129,77,22,14,max_epsilon,user-db,user-db-0,True,carts,carts|shipping|carts-db,carts|shipping|carts-db|orders-db|user-db,carts-5b77c45b65-ks75w,carts-5b77c45b65-ks75w|carts-5b77c45b65-z9k6r|shipping-66d8f78d5f-wknr9,carts-5b77c45b65-ks75w|carts-5b77c45b65-z9k6r|shipping-66d8f78d5f-wknr9|carts-db-0|orders-db-0,False,False,True,False,False,True
2026_03_17,pod_network_loss_user_001,ok,normal_foa0mx,2026-03-17 18:49:08.310905,2026-03-17 18:54:08.310905,126,78,22,14,max_epsilon,user,user-5c64496568-7jpx8,False,carts-db,carts-db|orders|orders-db,carts-db|orders|orders-db|carts|catalogue,carts-db-0,carts-db-0|orders-94d48dc8-wf5t9|orders-db-0,carts-db-0|orders-94d48dc8-wf5t9|orders-db-0|carts-5b77c45b65-z9k6r|carts-5b77c45b65-ks75w,False,False,False,False,False,False
2026_03_17,pod_network_partition_orders_001,ok,normal_foa0mx,2026-03-17 18:49:08.310905,2026-03-17 18:54:08.310905,129,85,22,14,max_epsilon,orders,orders-94d48dc8-prbdt,False,orders,orders|carts|front-end,orders|carts|front-end|carts-db|orders-db,orders-94d48dc8-prbdt,orders-94d48dc8-prbdt|orders-94d48dc8-wf5t9|carts-5b77c45b65-ks75w,orders-94d48dc8-prbdt|orders-94d48dc8-wf5t9|carts-5b77c45b65-ks75w|front-end-65f844fc76-9z5xb|carts-db-0,True,True,True,True,True,True
2026_03_17,pod_do_fault_orders-db_001,ok,normal_foa0mx,2026-03-17 18:49:08.310905,2026-03-17 18:54:08.310905,133,94,22,14,max_epsilon,orders-db,orders-db-0,True,orders,orders|front-end|payment,orders|front-end|payment|rabbitmq|session-db,orders-94d48dc8-wf5t9,orders-94d48dc8-wf5t9|front-end-65f844fc76-bf6dh|payment-664c4d4c74-xbjhf,orders-94d48dc8-wf5t9|front-end-65f844fc76-bf6dh|payment-664c4d4c74-xbjhf|rabbitmq-0|front-end-65f844fc76-9z5xb,False,False,False,False,False,False
2026_03_17,pod_memory_hog_queue-master_001,ok,normal_y0opgl,2026-03-17 20:31:36.047650,2026-03-17 20:36:36.047650,126,76,22,14,max_epsilon,queue-master,queue-master-5bb5566684-9gkdj,False,front-end,front-end|orders|carts-db,front-end|orders|carts-db|carts|catalogue-db,front-end-65f844fc76-9z5xb,front-end-65f844fc76-9z5xb|orders-94d48dc8-wf5t9|carts-db-0,front-end-65f844fc76-9z5xb|orders-94d48dc8-wf5t9|carts-db-0|carts-5b77c45b65-ks75w|catalogue-db-0,False,False,False,False,False,False
2026_03_17,pod_cpu_hog_orders-db_001,ok,normal_y0opgl,2026-03-17 20:31:36.047650,2026-03-17 20:36:36.047650,126,80,22,14,max_epsilon,orders-db,orders-db-0,True,front-end,front-end|user|carts,front-end|user|carts|catalogue|user-db,front-end-65f844fc76-9z5xb,front-end-65f844fc76-9z5xb|user-5c64496568-xj5vk|carts-5b77c45b65-ks75w,front-end-65f844fc76-9z5xb|user-5c64496568-xj5vk|carts-5b77c45b65-ks75w|catalogue-58bdd4d4f9-48jpd|user-5c64496568-7jpx8,False,False,False,False,False,False
2026_03_17,pod_cpu_hog_payment_001,ok,normal_y0opgl,2026-03-17 20:31:36.047650,2026-03-17 20:36:36.047650,128,70,22,14,max_epsilon,payment,payment-664c4d4c74-r8lxz,False,carts,carts|carts-db|user-db,carts|carts-db|user-db|catalogue-db|payment,carts-5b77c45b65-ks75w,carts-5b77c45b65-ks75w|carts-db-0|user-db-0,carts-5b77c45b65-ks75w|carts-db-0|user-db-0|catalogue-db-0|carts-5b77c45b65-z9k6r,False,False,True,False,False,False
2026_03_17,pod_memory_hog_shipping_001,ok,normal_y0opgl,2026-03-17 20:31:36.047650,2026-03-17 20:36:36.047650,126,52,22,14,max_epsilon,shipping,shipping-66d8f78d5f-9rcrc,False,front-end,front-end|orders|carts,front-end|orders|carts|catalogue|catalogue-db,front-end-65f844fc76-9z5xb,front-end-65f844fc76-9z5xb|orders-94d48dc8-prbdt|carts-5b77c45b65-ks75w,front-end-65f844fc76-9z5xb|orders-94d48dc8-prbdt|carts-5b77c45b65-ks75w|carts-5b77c45b65-z9k6r|catalogue-58bdd4d4f9-sld8g,False,False,False,False,False,False
2026_03_17,pod_io_fault_orders-db_001,ok,normal_y0opgl,2026-03-17 20:31:36.047650,2026-03-17 20:36:36.047650,132,88,22,14,max_epsilon,orders-db,orders-db-0,True,front-end,front-end|carts|queue-master,front-end|carts|queue-master|user-db|shipping,front-end-65f844fc76-9z5xb,front-end-65f844fc76-9z5xb|carts-5b77c45b65-z9k6r|queue-master-5bb5566684-9gkdj,front-end-65f844fc76-9z5xb|carts-5b77c45b65-z9k6r|queue-master-5bb5566684-9gkdj|user-db-0|shipping-66d8f78d5f-9rcrc,False,False,False,False,False,False
2026_03_17,pod_do_fault_front-end_001,ok,normal_y0opgl,2026-03-17 20:31:36.047650,2026-03-17 20:36:36.047650,131,56,22,14,max_epsilon,front-end,front-end-65f844fc76-9z5xb,False,front-end,front-end|orders|catalogue,front-end|orders|catalogue|user-db|orders-db,front-end-65f844fc76-9z5xb,front-end-65f844fc76-9z5xb|front-end-65f844fc76-bf6dh|orders-94d48dc8-wf5t9,front-end-65f844fc76-9z5xb|front-end-65f844fc76-bf6dh|orders-94d48dc8-wf5t9|orders-94d48dc8-prbdt|catalogue-58bdd4d4f9-48jpd,True,True,True,True,True,True
2026_03_17,pod_network_partition_front-end_001,ok,normal_y0opgl,2026-03-17 20:31:36.047650,2026-03-17 20:36:36.047650,127,61,22,14,max_epsilon,front-end,front-end-65f844fc76-9z5xb,False,front-end,front-end|orders|carts,front-end|orders|carts|carts-db|catalogue-db,front-end-65f844fc76-9z5xb,front-end-65f844fc76-9z5xb|front-end-65f844fc76-bf6dh|orders-94d48dc8-prbdt,front-end-65f844fc76-9z5xb|front-end-65f844fc76-bf6dh|orders-94d48dc8-prbdt|carts-5b77c45b65-z9k6r|carts-5b77c45b65-ks75w,True,True,True,True,True,True
2026_03_17,pod_io_fault_user-db_001,ok,normal_aovtml,2026-03-17 22:57:15.576172,2026-03-17 23:02:15.576172,128,97,22,14,max_epsilon,user-db,user-db-0,True,session-db,session-db|user|shipping,session-db|user|shipping|carts-db|catalogue,session-db-0,session-db-0|user-5c64496568-xj5vk|shipping-66d8f78d5f-wknr9,session-db-0|user-5c64496568-xj5vk|shipping-66d8f78d5f-wknr9|carts-db-0|catalogue-58bdd4d4f9-sld8g,False,False,False,False,False,False
2026_03_18,pod_java_exception_carts_001,ok,normal_hj1rdd,2026-03-18 01:34:21.952473,2026-03-18 01:39:21.952473,138,112,22,14,max_epsilon,carts,carts-5b77c45b65-ks75w,False,carts-db,carts-db|carts|front-end,carts-db|carts|front-end|orders|shipping,carts-db-0,carts-db-0|carts-5b77c45b65-ks75w|front-end-65f844fc76-9z5xb,carts-db-0|carts-5b77c45b65-ks75w|front-end-65f844fc76-9z5xb|orders-94d48dc8-prbdt|orders-94d48dc8-wf5t9,False,True,True,False,True,True
2026_03_18,pod_cpu_hog_carts_001,ok,normal_hj1rdd,2026-03-18 01:34:21.952473,2026-03-18 01:39:21.952473,128,67,22,14,max_epsilon,carts,carts-5b77c45b65-ks75w,False,orders,orders|front-end|user,orders|front-end|user|carts|user-db,orders-94d48dc8-prbdt,orders-94d48dc8-prbdt|front-end-65f844fc76-9z5xb|orders-94d48dc8-wf5t9,orders-94d48dc8-prbdt|front-end-65f844fc76-9z5xb|orders-94d48dc8-wf5t9|user-5c64496568-7jpx8|user-5c64496568-xj5vk,False,False,True,False,False,False
2026_03_18,pod_network_partition_queue-master_001,ok,normal_hj1rdd,2026-03-18 01:34:21.952473,2026-03-18 01:39:21.952473,128,103,22,14,max_epsilon,queue-master,queue-master-5bb5566684-9gkdj,False,queue-master,queue-master|front-end|orders,queue-master|front-end|orders|user|carts,queue-master-5bb5566684-9gkdj,queue-master-5bb5566684-9gkdj|front-end-65f844fc76-9z5xb|orders-94d48dc8-prbdt,queue-master-5bb5566684-9gkdj|front-end-65f844fc76-9z5xb|orders-94d48dc8-prbdt|user-5c64496568-7jpx8|orders-94d48dc8-wf5t9,True,True,True,True,True,True
2026_03_18,pod_io_fault_orders-db_001,ok,normal_hj1rdd,2026-03-18 01:34:21.952473,2026-03-18 01:39:21.952473,129,84,22,14,max_epsilon,orders-db,orders-db-0,True,front-end,front-end|orders|user-db,front-end|orders|user-db|shipping|payment,front-end-65f844fc76-9z5xb,front-end-65f844fc76-9z5xb|orders-94d48dc8-prbdt|orders-94d48dc8-wf5t9,front-end-65f844fc76-9z5xb|orders-94d48dc8-prbdt|orders-94d48dc8-wf5t9|user-db-0|shipping-66d8f78d5f-9rcrc,False,False,False,False,False,False
2026_03_18,pod_network_partition_shipping_001,ok,normal_hj1rdd,2026-03-18 01:34:21.952473,2026-03-18 01:39:21.952473,134,77,22,14,max_epsilon,shipping,shipping-66d8f78d5f-9rcrc,False,shipping,shipping|orders|carts,shipping|orders|carts|catalogue|queue-master,shipping-66d8f78d5f-9rcrc,shipping-66d8f78d5f-9rcrc|orders-94d48dc8-wf5t9|orders-94d48dc8-prbdt,shipping-66d8f78d5f-9rcrc|orders-94d48dc8-wf5t9|orders-94d48dc8-prbdt|carts-5b77c45b65-ks75w|catalogue-58bdd4d4f9-48jpd,True,True,True,True,True,True
2026_03_18,pod_network_partition_user_001,ok,normal_6y4bz4,2026-03-18 01:48:23.614542,2026-03-18 01:53:23.614542,136,87,22,14,max_epsilon,user,user-5c64496568-7jpx8,False,user,user|front-end|user-db,user|front-end|user-db|orders|carts,user-5c64496568-7jpx8,user-5c64496568-7jpx8|user-5c64496568-xj5vk|front-end-65f844fc76-9z5xb,user-5c64496568-7jpx8|user-5c64496568-xj5vk|front-end-65f844fc76-9z5xb|user-db-0|orders-94d48dc8-prbdt,True,True,True,True,True,True
2026_03_18,pod_network_loss_catalogue_001,ok,normal_6y4bz4,2026-03-18 01:48:23.614542,2026-03-18 01:53:23.614542,128,77,22,14,max_epsilon,catalogue,catalogue-58bdd4d4f9-48jpd,False,user,user|user-db|orders,user|user-db|orders|carts-db|carts,user-5c64496568-7jpx8,user-5c64496568-7jpx8|user-db-0|orders-94d48dc8-prbdt,user-5c64496568-7jpx8|user-db-0|orders-94d48dc8-prbdt|carts-db-0|carts-5b77c45b65-z9k6r,False,False,False,False,False,False
2026_03_18,pod_java_exception_shipping_001,ok,normal_6y4bz4,2026-03-18 01:48:23.614542,2026-03-18 01:53:23.614542,137,99,22,14,max_epsilon,shipping,shipping-66d8f78d5f-9rcrc,False,user-db,user-db|orders|user,user-db|orders|user|orders-db|carts-db,user-db-0,user-db-0|orders-94d48dc8-prbdt|user-5c64496568-7jpx8,user-db-0|orders-94d48dc8-prbdt|user-5c64496568-7jpx8|orders-db-0|carts-db-0,False,False,False,False,False,False
2026_03_18,pod_do_fault_carts-db_001,ok,normal_j6ied6,2026-03-18 02:54:43.717550,2026-03-18 02:59:43.717550,142,101,22,14,max_epsilon,carts-db,carts-db-0,True,front-end,front-end|carts|carts-db,front-end|carts|carts-db|queue-master|shipping,front-end-65f844fc76-bf6dh,front-end-65f844fc76-bf6dh|carts-5b77c45b65-z9k6r|carts-5b77c45b65-ks75w,front-end-65f844fc76-bf6dh|carts-5b77c45b65-z9k6r|carts-5b77c45b65-ks75w|front-end-65f844fc76-9z5xb|carts-db-0,False,True,True,False,True,True
2026_03_18,pod_network_partition_payment_001,ok,normal_j6ied6,2026-03-18 02:54:43.717550,2026-03-18 02:59:43.717550,136,93,22,14,max_epsilon,payment,payment-664c4d4c74-r8lxz,False,payment,payment|user-db|user,payment|user-db|user|orders|carts,payment-664c4d4c74-r8lxz,payment-664c4d4c74-r8lxz|user-db-0|user-5c64496568-7jpx8,payment-664c4d4c74-r8lxz|user-db-0|user-5c64496568-7jpx8|orders-94d48dc8-prbdt|carts-5b77c45b65-z9k6r,True,True,True,True,True,True
2026_03_18,pod_memory_hog_orders_001,ok,normal_j6ied6,2026-03-18 02:54:43.717550,2026-03-18 02:59:43.717550,129,58,22,14,max_epsilon,orders,orders-94d48dc8-prbdt,False,user,user|user-db|orders,user|user-db|orders|carts|catalogue,user-5c64496568-7jpx8,user-5c64496568-7jpx8|user-db-0|orders-94d48dc8-prbdt,user-5c64496568-7jpx8|user-db-0|orders-94d48dc8-prbdt|orders-94d48dc8-wf5t9|carts-5b77c45b65-z9k6r,False,True,True,False,True,True
2026_03_18,pod_network_loss_user_001,ok,normal_j6ied6,2026-03-18 02:54:43.717550,2026-03-18 02:59:43.717550,129,91,22,14,max_epsilon,user,user-5c64496568-7jpx8,False,orders,orders|user|carts,orders|user|carts|user-db|front-end,orders-94d48dc8-prbdt,orders-94d48dc8-prbdt|user-5c64496568-7jpx8|carts-5b77c45b65-z9k6r,orders-94d48dc8-prbdt|user-5c64496568-7jpx8|carts-5b77c45b65-z9k6r|user-db-0|orders-94d48dc8-wf5t9,False,True,True,False,True,True
2026_03_18,pod_cpu_hog_orders_001,ok,normal_ls8rf1,2026-03-18 04:17:05.452546,2026-03-18 04:22:05.452546,129,93,22,14,max_epsilon,orders,orders-94d48dc8-prbdt,False,front-end,front-end|carts-db|carts,front-end|carts-db|carts|orders|catalogue-db,front-end-65f844fc76-bf6dh,front-end-65f844fc76-bf6dh|carts-db-0|carts-5b77c45b65-ks75w,front-end-65f844fc76-bf6dh|carts-db-0|carts-5b77c45b65-ks75w|orders-94d48dc8-prbdt|catalogue-db-0,False,False,True,False,False,True
2026_03_18,pod_network_loss_orders_001,ok,normal_ls8rf1,2026-03-18 04:17:05.452546,2026-03-18 04:22:05.452546,135,60,22,14,max_epsilon,orders,orders-94d48dc8-prbdt,False,carts,carts|orders|front-end,carts|orders|front-end|carts-db|shipping,carts-5b77c45b65-z9k6r,carts-5b77c45b65-z9k6r|orders-94d48dc8-prbdt|front-end-65f844fc76-9z5xb,carts-5b77c45b65-z9k6r|orders-94d48dc8-prbdt|front-end-65f844fc76-9z5xb|carts-db-0|orders-94d48dc8-wf5t9,False,True,True,False,True,True
2026_03_18,pod_network_partition_orders_001,ok,normal_ls8rf1,2026-03-18 04:17:05.452546,2026-03-18 04:22:05.452546,130,98,22,14,max_epsilon,orders,orders-94d48dc8-prbdt,False,orders,orders|front-end|carts-db,orders|front-end|carts-db|catalogue-db|carts,orders-94d48dc8-prbdt,orders-94d48dc8-prbdt|orders-94d48dc8-wf5t9|front-end-65f844fc76-bf6dh,orders-94d48dc8-prbdt|orders-94d48dc8-wf5t9|front-end-65f844fc76-bf6dh|carts-db-0|catalogue-db-0,True,True,True,True,True,True
2026_03_18,pod_network_delay_user_001,ok,normal_ls8rf1,2026-03-18 04:17:05.452546,2026-03-18 04:22:05.452546,129,79,22,14,max_epsilon,user,user-5c64496568-7jpx8,False,front-end,front-end|carts|orders,front-end|carts|orders|user|rabbitmq,front-end-65f844fc76-bf6dh,front-end-65f844fc76-bf6dh|front-end-65f844fc76-9z5xb|carts-5b77c45b65-ks75w,front-end-65f844fc76-bf6dh|front-end-65f844fc76-9z5xb|carts-5b77c45b65-ks75w|orders-94d48dc8-wf5t9|user-5c64496568-7jpx8,False,False,True,False,False,True
2026_03_18,pod_memory_hog_shipping_001,ok,normal_bca2kx,2026-03-18 05:55:30.988444,2026-03-18 06:00:30.988444,123,59,22,14,max_epsilon,shipping,shipping-66d8f78d5f-9rcrc,False,carts-db,carts-db|carts|orders,carts-db|carts|orders|session-db|payment,carts-db-0,carts-db-0|carts-5b77c45b65-z9k6r|orders-94d48dc8-prbdt,carts-db-0|carts-5b77c45b65-z9k6r|orders-94d48dc8-prbdt|session-db-0|payment-664c4d4c74-r8lxz,False,False,False,False,False,False
2026_03_18,pod_do_fault_shipping_001,ok,normal_bca2kx,2026-03-18 05:55:30.988444,2026-03-18 06:00:30.988444,138,110,22,14,max_epsilon,shipping,shipping-66d8f78d5f-9rcrc,False,shipping,shipping|orders|carts,shipping|orders|carts|queue-master|payment,shipping-66d8f78d5f-9rcrc,shipping-66d8f78d5f-9rcrc|orders-94d48dc8-wf5t9|orders-94d48dc8-prbdt,shipping-66d8f78d5f-9rcrc|orders-94d48dc8-wf5t9|orders-94d48dc8-prbdt|carts-5b77c45b65-z9k6r|queue-master-5bb5566684-svnn4,True,True,True,True,True,True
2026_03_18,pod_do_fault_orders-db_001,ok,normal_bca2kx,2026-03-18 05:55:30.988444,2026-03-18 06:00:30.988444,129,96,22,14,max_epsilon,orders-db,orders-db-0,True,orders,orders|front-end|shipping,orders|front-end|shipping|catalogue|session-db,orders-94d48dc8-prbdt,orders-94d48dc8-prbdt|orders-94d48dc8-wf5t9|front-end-65f844fc76-bf6dh,orders-94d48dc8-prbdt|orders-94d48dc8-wf5t9|front-end-65f844fc76-bf6dh|shipping-66d8f78d5f-wknr9|front-end-65f844fc76-9z5xb,False,False,False,False,False,False
2026_03_18,pod_do_fault_user-db_001,ok,normal_bca2kx,2026-03-18 05:55:30.988444,2026-03-18 06:00:30.988444,138,118,22,14,max_epsilon,user-db,user-db-0,True,user-db,user-db|user|orders,user-db|user|orders|front-end|carts-db,user-db-0,user-db-0|user-5c64496568-xj5vk|user-5c64496568-7jpx8,user-db-0|user-5c64496568-xj5vk|user-5c64496568-7jpx8|orders-94d48dc8-wf5t9|front-end-65f844fc76-9z5xb,True,True,True,True,True,True
2026_03_18,pod_memory_hog_queue-master_001,ok,normal_bca2kx,2026-03-18 05:55:30.988444,2026-03-18 06:00:30.988444,130,77,22,14,max_epsilon,queue-master,queue-master-5bb5566684-9gkdj,False,user-db,user-db|user|front-end,user-db|user|front-end|shipping|carts,user-db-0,user-db-0|user-5c64496568-xj5vk|user-5c64496568-7jpx8,user-db-0|user-5c64496568-xj5vk|user-5c64496568-7jpx8|front-end-65f844fc76-9z5xb|shipping-66d8f78d5f-9rcrc,False,False,False,False,False,False
2026_03_18,pod_network_delay_catalogue_001,ok,normal_n7z9uv,2026-03-18 07:34:58.160315,2026-03-18 07:39:58.160315,128,64,22,14,max_epsilon,catalogue,catalogue-58bdd4d4f9-48jpd,False,front-end,front-end|catalogue-db|user,front-end|catalogue-db|user|shipping|carts,front-end-65f844fc76-9z5xb,front-end-65f844fc76-9z5xb|catalogue-db-0|user-5c64496568-7jpx8,front-end-65f844fc76-9z5xb|catalogue-db-0|user-5c64496568-7jpx8|shipping-66d8f78d5f-wknr9|carts-5b77c45b65-ks75w,False,False,False,False,False,False
2026_03_18,pod_io_fault_user-db_001,ok,normal_n7z9uv,2026-03-18 07:34:58.160315,2026-03-18 07:39:58.160315,129,105,22,14,max_epsilon,user-db,user-db-0,True,user-db,user-db|shipping|carts,user-db|shipping|carts|catalogue|user,user-db-0,user-db-0|shipping-66d8f78d5f-9rcrc|carts-5b77c45b65-ks75w,user-db-0|shipping-66d8f78d5f-9rcrc|carts-5b77c45b65-ks75w|catalogue-58bdd4d4f9-sld8g|user-5c64496568-7jpx8,True,True,True,True,True,True
2026_03_18,pod_network_partition_catalogue_001,ok,normal_n7z9uv,2026-03-18 07:34:58.160315,2026-03-18 07:39:58.160315,132,66,22,14,max_epsilon,catalogue,catalogue-58bdd4d4f9-48jpd,False,catalogue,catalogue|carts|front-end,catalogue|carts|front-end|shipping|carts-db,catalogue-58bdd4d4f9-48jpd,catalogue-58bdd4d4f9-48jpd|catalogue-58bdd4d4f9-sld8g|carts-5b77c45b65-ks75w,catalogue-58bdd4d4f9-48jpd|catalogue-58bdd4d4f9-sld8g|carts-5b77c45b65-ks75w|front-end-65f844fc76-bf6dh|front-end-65f844fc76-9z5xb,True,True,True,True,True,True
2026_03_18,pod_cpu_hog_rabbitmq_001,ok,normal_o1na81,2026-03-18 08:36:14.816665,2026-03-18 08:41:14.816665,131,85,22,14,max_epsilon,rabbitmq,rabbitmq-0,True,front-end,front-end|carts|orders,front-end|carts|orders|payment|catalogue,front-end-65f844fc76-bf6dh,front-end-65f844fc76-bf6dh|carts-5b77c45b65-z9k6r|orders-94d48dc8-prbdt,front-end-65f844fc76-bf6dh|carts-5b77c45b65-z9k6r|orders-94d48dc8-prbdt|payment-664c4d4c74-xbjhf|front-end-65f844fc76-9z5xb,False,False,False,False,False,False
2026_03_18,pod_network_delay_payment_001,ok,normal_o1na81,2026-03-18 08:36:14.816665,2026-03-18 08:41:14.816665,125,90,22,14,max_epsilon,payment,payment-664c4d4c74-r8lxz,False,user-db,user-db|user|carts-db,user-db|user|carts-db|carts|front-end,user-db-0,user-db-0|user-5c64496568-xj5vk|user-5c64496568-7jpx8,user-db-0|user-5c64496568-xj5vk|user-5c64496568-7jpx8|carts-db-0|carts-5b77c45b65-z9k6r,False,False,False,False,False,False
2026_03_18,pod_memory_hog_payment_001,ok,normal_o1na81,2026-03-18 08:36:14.816665,2026-03-18 08:41:14.816665,126,81,22,14,max_epsilon,user,payment-664c4d4c74-r8lxz,False,user-db,user-db|user|front-end,user-db|user|front-end|orders|carts,user-db-0,user-db-0|user-5c64496568-7jpx8|user-5c64496568-xj5vk,user-db-0|user-5c64496568-7jpx8|user-5c64496568-xj5vk|front-end-65f844fc76-9z5xb|orders-94d48dc8-prbdt,False,True,True,False,False,False
2026_03_18,pod_network_loss_carts_001,ok,normal_o1na81,2026-03-18 08:36:14.816665,2026-03-18 08:41:14.816665,125,55,22,14,max_epsilon,carts,carts-5b77c45b65-ks75w,False,user-db,user-db|user|orders,user-db|user|orders|front-end|shipping,user-db-0,user-db-0|user-5c64496568-7jpx8|user-5c64496568-xj5vk,user-db-0|user-5c64496568-7jpx8|user-5c64496568-xj5vk|orders-94d48dc8-wf5t9|front-end-65f844fc76-bf6dh,False,False,False,False,False,False
2026_03_18,pod_java_exception_orders_001,ok,normal_byp733,2026-03-18 09:58:35.456330,2026-03-18 10:03:35.456330,131,93,22,14,max_epsilon,orders,orders-94d48dc8-prbdt,False,orders,orders|orders-db|payment,orders|orders-db|payment|user-db|carts,orders-94d48dc8-prbdt,orders-94d48dc8-prbdt|orders-db-0|payment-664c4d4c74-r8lxz,orders-94d48dc8-prbdt|orders-db-0|payment-664c4d4c74-r8lxz|user-db-0|carts-5b77c45b65-z9k6r,True,True,True,True,True,True
2026_03_18,pod_network_loss_shipping_001,ok,normal_byp733,2026-03-18 09:58:35.456330,2026-03-18 10:03:35.456330,128,64,22,14,max_epsilon,shipping,shipping-66d8f78d5f-9rcrc,False,carts,carts|orders|user,carts|orders|user|orders-db|front-end,carts-5b77c45b65-z9k6r,carts-5b77c45b65-z9k6r|orders-94d48dc8-wf5t9|carts-5b77c45b65-ks75w,carts-5b77c45b65-z9k6r|orders-94d48dc8-wf5t9|carts-5b77c45b65-ks75w|user-5c64496568-xj5vk|orders-94d48dc8-prbdt,False,False,False,False,False,False
2026_03_18,pod_memory_hog_catalogue_001,ok,normal_byp733,2026-03-18 09:58:35.456330,2026-03-18 10:03:35.456330,127,87,22,14,max_epsilon,catalogue,catalogue-58bdd4d4f9-48jpd,False,shipping,shipping|carts|user,shipping|carts|user|orders|payment,shipping-66d8f78d5f-wknr9,shipping-66d8f78d5f-wknr9|carts-5b77c45b65-ks75w|carts-5b77c45b65-z9k6r,shipping-66d8f78d5f-wknr9|carts-5b77c45b65-ks75w|carts-5b77c45b65-z9k6r|user-5c64496568-xj5vk|orders-94d48dc8-wf5t9,False,False,False,False,False,False
2026_03_18,pod_do_fault_catalogue-db_001,ok,normal_byp733,2026-03-18 09:58:35.456330,2026-03-18 10:03:35.456330,139,83,22,14,max_epsilon,catalogue-db,catalogue-db-0,True,carts-db,carts-db|carts|queue-master,carts-db|carts|queue-master|orders|catalogue-db,carts-db-0,carts-db-0|carts-5b77c45b65-z9k6r|queue-master-5bb5566684-svnn4,carts-db-0|carts-5b77c45b65-z9k6r|queue-master-5bb5566684-svnn4|orders-94d48dc8-wf5t9|catalogue-db-0,False,False,True,False,False,True
2026_03_18,pod_network_delay_shipping_001,ok,normal_8hawjs,2026-03-18 12:00:04.411299,2026-03-18 12:05:04.411299,126,87,22,14,max_epsilon,shipping,shipping-66d8f78d5f-9rcrc,False,orders,orders|carts-db|user,orders|carts-db|user|carts|shipping,orders-94d48dc8-wf5t9,orders-94d48dc8-wf5t9|carts-db-0|user-5c64496568-7jpx8,orders-94d48dc8-wf5t9|carts-db-0|user-5c64496568-7jpx8|carts-5b77c45b65-ks75w|shipping-66d8f78d5f-9rcrc,False,False,True,False,False,True
2026_03_18,pod_network_loss_front-end_001,ok,normal_8hawjs,2026-03-18 12:00:04.411299,2026-03-18 12:05:04.411299,125,66,22,14,max_epsilon,front-end,front-end-65f844fc76-9z5xb,False,carts,carts|payment|queue-master,carts|payment|queue-master|catalogue-db|carts-db,carts-5b77c45b65-ks75w,carts-5b77c45b65-ks75w|payment-664c4d4c74-r8lxz|queue-master-5bb5566684-svnn4,carts-5b77c45b65-ks75w|payment-664c4d4c74-r8lxz|queue-master-5bb5566684-svnn4|catalogue-db-0|carts-db-0,False,False,False,False,False,False
2026_03_18,pod_cpu_hog_carts-db_001,ok,normal_yjla0s,2026-03-18 12:53:17.133354,2026-03-18 12:58:17.133354,128,84,22,14,max_epsilon,carts-db,carts-db-0,True,user,user|orders|session-db,user|orders|session-db|carts|shipping,user-5c64496568-xj5vk,user-5c64496568-xj5vk|user-5c64496568-7jpx8|orders-94d48dc8-prbdt,user-5c64496568-xj5vk|user-5c64496568-7jpx8|orders-94d48dc8-prbdt|session-db-0|carts-5b77c45b65-z9k6r,False,False,False,False,False,False
2026_03_18,pod_memory_hog_front-end_001,ok,normal_8tjbjl,2026-03-18 13:31:25.195352,2026-03-18 13:36:25.195352,126,85,22,14,max_epsilon,front-end,front-end-65f844fc76-9z5xb,False,front-end,front-end|orders|payment,front-end|orders|payment|catalogue|queue-master,front-end-65f844fc76-bf6dh,front-end-65f844fc76-bf6dh|orders-94d48dc8-wf5t9|orders-94d48dc8-prbdt,front-end-65f844fc76-bf6dh|orders-94d48dc8-wf5t9|orders-94d48dc8-prbdt|payment-664c4d4c74-r8lxz|payment-664c4d4c74-xbjhf,True,True,True,False,False,False
2026_03_18,pod_network_partition_carts_001,ok,normal_8tjbjl,2026-03-18 13:31:25.195352,2026-03-18 13:36:25.195352,134,105,22,14,max_epsilon,carts,carts-5b77c45b65-ks75w,False,carts,carts|front-end|orders,carts|front-end|orders|carts-db|user,carts-5b77c45b65-ks75w,carts-5b77c45b65-ks75w|carts-5b77c45b65-z9k6r|front-end-65f844fc76-9z5xb,carts-5b77c45b65-ks75w|carts-5b77c45b65-z9k6r|front-end-65f844fc76-9z5xb|orders-94d48dc8-prbdt|front-end-65f844fc76-bf6dh,True,True,True,True,True,True
2026_03_18,pod_memory_hog_user_001,ok,normal_8tjbjl,2026-03-18 13:31:25.195352,2026-03-18 13:36:25.195352,128,72,22,14,max_epsilon,user,user-5c64496568-7jpx8,False,orders,orders|carts|front-end,orders|carts|front-end|user|shipping,orders-94d48dc8-prbdt,orders-94d48dc8-prbdt|carts-5b77c45b65-ks75w|carts-5b77c45b65-z9k6r,orders-94d48dc8-prbdt|carts-5b77c45b65-ks75w|carts-5b77c45b65-z9k6r|front-end-65f844fc76-9z5xb|front-end-65f844fc76-bf6dh,False,False,True,False,False,False
2026_03_18,pod_do_fault_orders_001,ok,normal_8tjbjl,2026-03-18 13:31:25.195352,2026-03-18 13:36:25.195352,133,105,22,14,max_epsilon,orders,orders-94d48dc8-prbdt,False,orders,orders|front-end|carts,orders|front-end|carts|catalogue|shipping,orders-94d48dc8-prbdt,orders-94d48dc8-prbdt|front-end-65f844fc76-9z5xb|orders-94d48dc8-wf5t9,orders-94d48dc8-prbdt|front-end-65f844fc76-9z5xb|orders-94d48dc8-wf5t9|carts-5b77c45b65-ks75w|carts-5b77c45b65-z9k6r,True,True,True,True,True,True
2026_03_18,pod_cpu_hog_payment_001,ok,normal_8tjbjl,2026-03-18 13:31:25.195352,2026-03-18 13:36:25.195352,129,83,22,14,max_epsilon,payment,payment-664c4d4c74-r8lxz,False,orders,orders|front-end|carts,orders|front-end|carts|user|payment,orders-94d48dc8-prbdt,orders-94d48dc8-prbdt|front-end-65f844fc76-9z5xb|carts-5b77c45b65-ks75w,orders-94d48dc8-prbdt|front-end-65f844fc76-9z5xb|carts-5b77c45b65-ks75w|orders-94d48dc8-wf5t9|user-5c64496568-xj5vk,False,False,True,False,False,False
2026_03_18,pod_do_fault_carts_001,ok,normal_8tjbjl,2026-03-18 13:31:25.195352,2026-03-18 13:36:25.195352,144,95,22,14,max_epsilon,carts,carts-5b77c45b65-ks75w,False,orders,orders|carts|carts-db,orders|carts|carts-db|front-end|catalogue,orders-94d48dc8-prbdt,orders-94d48dc8-prbdt|carts-5b77c45b65-ks75w|carts-db-0,orders-94d48dc8-prbdt|carts-5b77c45b65-ks75w|carts-db-0|front-end-65f844fc76-9z5xb|carts-5b77c45b65-z9k6r,False,True,True,False,True,True
2026_03_18,pod_network_loss_queue-master_001,ok,normal_8tjbjl,2026-03-18 13:31:25.195352,2026-03-18 13:36:25.195352,127,80,22,14,max_epsilon,queue-master,queue-master-5bb5566684-9gkdj,False,orders,orders|carts|front-end,orders|carts|front-end|catalogue|user,orders-94d48dc8-prbdt,orders-94d48dc8-prbdt|carts-5b77c45b65-ks75w|front-end-65f844fc76-9z5xb,orders-94d48dc8-prbdt|carts-5b77c45b65-ks75w|front-end-65f844fc76-9z5xb|orders-94d48dc8-wf5t9|catalogue-58bdd4d4f9-sld8g,False,False,False,False,False,False
2026_03_18,pod_do_fault_catalogue_001,ok,normal_8tjbjl,2026-03-18 13:31:25.195352,2026-03-18 13:36:25.195352,134,82,22,14,max_epsilon,catalogue,catalogue-58bdd4d4f9-48jpd,False,orders,orders|catalogue|carts,orders|catalogue|carts|front-end|carts-db,orders-94d48dc8-prbdt,orders-94d48dc8-prbdt|catalogue-58bdd4d4f9-48jpd|carts-5b77c45b65-ks75w,orders-94d48dc8-prbdt|catalogue-58bdd4d4f9-48jpd|carts-5b77c45b65-ks75w|front-end-65f844fc76-9z5xb|catalogue-58bdd4d4f9-sld8g,False,True,True,False,True,True
2026_03_18,pod_network_delay_front-end_001,ok,normal_8tjbjl,2026-03-18 13:31:25.195352,2026-03-18 13:36:25.195352,128,71,22,14,max_epsilon,front-end,front-end-65f844fc76-9z5xb,False,orders,orders|carts|front-end,orders|carts|front-end|catalogue|carts-db,orders-94d48dc8-prbdt,orders-94d48dc8-prbdt|carts-5b77c45b65-ks75w|front-end-65f844fc76-9z5xb,orders-94d48dc8-prbdt|carts-5b77c45b65-ks75w|front-end-65f844fc76-9z5xb|catalogue-58bdd4d4f9-48jpd|carts-5b77c45b65-z9k6r,False,True,True,False,True,True
2026_03_18,pod_network_delay_queue-master_001,ok,normal_s1juc7,2026-03-18 16:21:11.143250,2026-03-18 16:26:11.143250,127,60,22,14,max_epsilon,queue-master,queue-master-5bb5566684-9gkdj,False,carts,carts|catalogue-db|carts-db,carts|catalogue-db|carts-db|queue-master|catalogue,carts-5b77c45b65-z9k6r,carts-5b77c45b65-z9k6r|catalogue-db-0|carts-5b77c45b65-ks75w,carts-5b77c45b65-z9k6r|catalogue-db-0|carts-5b77c45b65-ks75w|carts-db-0|queue-master-5bb5566684-9gkdj,False,False,True,False,False,True
2026_03_18,pod_network_delay_carts_001,ok,normal_s1juc7,2026-03-18 16:21:11.143250,2026-03-18 16:26:11.143250,130,88,22,14,max_epsilon,carts,carts-5b77c45b65-ks75w,False,carts,carts|front-end|user,carts|front-end|user|queue-master|payment,carts-5b77c45b65-z9k6r,carts-5b77c45b65-z9k6r|front-end-65f844fc76-9z5xb|front-end-65f844fc76-bf6dh,carts-5b77c45b65-z9k6r|front-end-65f844fc76-9z5xb|front-end-65f844fc76-bf6dh|carts-5b77c45b65-ks75w|user-5c64496568-7jpx8,True,True,True,False,False,True
2026_03_18,pod_cpu_hog_catalogue_001,ok,normal_s1juc7,2026-03-18 16:21:11.143250,2026-03-18 16:26:11.143250,127,63,22,14,max_epsilon,catalogue,catalogue-58bdd4d4f9-48jpd,False,carts,carts|user|catalogue,carts|user|catalogue|carts-db|front-end,carts-5b77c45b65-ks75w,carts-5b77c45b65-ks75w|user-5c64496568-7jpx8|catalogue-58bdd4d4f9-sld8g,carts-5b77c45b65-ks75w|user-5c64496568-7jpx8|catalogue-58bdd4d4f9-sld8g|carts-db-0|front-end-65f844fc76-bf6dh,False,True,True,False,False,False
2026_03_18,pod_cpu_hog_catalogue-db_001,ok,normal_s1juc7,2026-03-18 16:21:11.143250,2026-03-18 16:26:11.143250,127,63,22,14,max_epsilon,catalogue-db,catalogue-db-0,True,front-end,front-end|carts|queue-master,front-end|carts|queue-master|catalogue|user,front-end-65f844fc76-9z5xb,front-end-65f844fc76-9z5xb|carts-5b77c45b65-z9k6r|queue-master-5bb5566684-svnn4,front-end-65f844fc76-9z5xb|carts-5b77c45b65-z9k6r|queue-master-5bb5566684-svnn4|catalogue-58bdd4d4f9-sld8g|user-5c64496568-xj5vk,False,False,False,False,False,False
2026_03_18,pod_network_partition_front-end_001,ok,normal_s1juc7,2026-03-18 16:21:11.143250,2026-03-18 16:26:11.143250,128,70,22,14,max_epsilon,front-end,front-end-65f844fc76-9z5xb,False,front-end,front-end|carts-db|carts,front-end|carts-db|carts|catalogue|user,front-end-65f844fc76-9z5xb,front-end-65f844fc76-9z5xb|front-end-65f844fc76-bf6dh|carts-db-0,front-end-65f844fc76-9z5xb|front-end-65f844fc76-bf6dh|carts-db-0|carts-5b77c45b65-ks75w|carts-5b77c45b65-z9k6r,True,True,True,True,True,True
2026_03_18,pod_network_delay_orders_001,ok,normal_s1juc7,2026-03-18 16:21:11.143250,2026-03-18 16:26:11.143250,127,66,22,14,max_epsilon,orders,orders-94d48dc8-prbdt,False,front-end,front-end|orders|user,front-end|orders|user|queue-master|session-db,front-end-65f844fc76-9z5xb,front-end-65f844fc76-9z5xb|orders-94d48dc8-prbdt|user-5c64496568-7jpx8,front-end-65f844fc76-9z5xb|orders-94d48dc8-prbdt|user-5c64496568-7jpx8|orders-94d48dc8-wf5t9|front-end-65f844fc76-bf6dh,False,True,True,False,True,True
2026_03_18,pod_cpu_hog_shipping_001,ok,normal_b92u9d,2026-03-18 18:23:44.251395,2026-03-18 18:28:44.251395,127,80,22,14,max_epsilon,shipping,shipping-66d8f78d5f-9rcrc,False,front-end,front-end|carts|shipping,front-end|carts|shipping|catalogue|carts-db,front-end-65f844fc76-9z5xb,front-end-65f844fc76-9z5xb|carts-5b77c45b65-ks75w|carts-5b77c45b65-z9k6r,front-end-65f844fc76-9z5xb|carts-5b77c45b65-ks75w|carts-5b77c45b65-z9k6r|shipping-66d8f78d5f-9rcrc|catalogue-58bdd4d4f9-sld8g,False,True,True,False,False,True
2026_03_18,pod_cpu_hog_orders-db_001,ok,normal_w775kr,2026-03-18 18:56:51.074627,2026-03-18 19:01:51.074627,130,64,22,14,max_epsilon,orders-db,orders-db-0,True,carts-db,carts-db|carts|orders-db,carts-db|carts|orders-db|catalogue|front-end,carts-db-0,carts-db-0|carts-5b77c45b65-z9k6r|carts-5b77c45b65-ks75w,carts-db-0|carts-5b77c45b65-z9k6r|carts-5b77c45b65-ks75w|orders-db-0|catalogue-58bdd4d4f9-sld8g,False,True,True,False,True,True
2026_03_18,pod_cpu_hog_front-end_001,ok,normal_w775kr,2026-03-18 18:56:51.074627,2026-03-18 19:01:51.074627,131,71,22,14,max_epsilon,front-end,front-end-65f844fc76-9z5xb,False,front-end,front-end|carts|carts-db,front-end|carts|carts-db|catalogue|user,front-end-65f844fc76-9z5xb,front-end-65f844fc76-9z5xb|front-end-65f844fc76-bf6dh|carts-5b77c45b65-z9k6r,front-end-65f844fc76-9z5xb|front-end-65f844fc76-bf6dh|carts-5b77c45b65-z9k6r|carts-db-0|catalogue-58bdd4d4f9-sld8g,True,True,True,True,True,True
2026_03_18,pod_memory_hog_carts_001,ok,normal_w775kr,2026-03-18 18:56:51.074627,2026-03-18 19:01:51.074627,130,64,22,14,max_epsilon,carts,carts-5b77c45b65-ks75w,False,carts,carts|front-end|carts-db,carts|front-end|carts-db|catalogue|user,carts-5b77c45b65-z9k6r,carts-5b77c45b65-z9k6r|front-end-65f844fc76-bf6dh|carts-db-0,carts-5b77c45b65-z9k6r|front-end-65f844fc76-bf6dh|carts-db-0|carts-5b77c45b65-ks75w|catalogue-58bdd4d4f9-sld8g,True,True,True,False,False,True
2026_03_18,pod_cpu_hog_queue-master_001,ok,normal_u2c8m4,2026-03-18 19:56:07.521018,2026-03-18 20:01:07.521018,129,88,22,14,max_epsilon,queue-master,queue-master-5bb5566684-9gkdj,False,user,user|carts-db|shipping,user|carts-db|shipping|orders|carts,user-5c64496568-7jpx8,user-5c64496568-7jpx8|carts-db-0|shipping-66d8f78d5f-wknr9,user-5c64496568-7jpx8|carts-db-0|shipping-66d8f78d5f-wknr9|orders-94d48dc8-prbdt|orders-94d48dc8-wf5t9,False,False,False,False,False,False
2026_03_18,pod_do_fault_user_001,ok,normal_4fdlji,2026-03-18 20:29:14.853494,2026-03-18 20:34:14.853494,135,93,22,14,max_epsilon,user,user-5c64496568-7jpx8,False,user,user|carts|carts-db,user|carts|carts-db|orders|front-end,user-5c64496568-7jpx8,user-5c64496568-7jpx8|user-5c64496568-xj5vk|carts-5b77c45b65-ks75w,user-5c64496568-7jpx8|user-5c64496568-xj5vk|carts-5b77c45b65-ks75w|carts-db-0|orders-94d48dc8-prbdt,True,True,True,True,True,True
2026_03_18,pod_cpu_hog_user_001,ok,normal_4fdlji,2026-03-18 20:29:14.853494,2026-03-18 20:34:14.853494,128,78,22,14,max_epsilon,user,user-5c64496568-7jpx8,False,user,user|user-db|orders,user|user-db|orders|shipping|carts-db,user-5c64496568-7jpx8,user-5c64496568-7jpx8|user-db-0|orders-94d48dc8-prbdt,user-5c64496568-7jpx8|user-db-0|orders-94d48dc8-prbdt|user-5c64496568-xj5vk|shipping-66d8f78d5f-9rcrc,True,True,True,True,True,True
2026_03_18,pod_cpu_hog_session-db_001,ok,normal_4fdlji,2026-03-18 20:29:14.853494,2026-03-18 20:34:14.853494,129,85,22,14,max_epsilon,session-db,session-db-0,True,user,user|orders|user-db,user|orders|user-db|carts-db|queue-master,user-5c64496568-7jpx8,user-5c64496568-7jpx8|orders-94d48dc8-prbdt|user-db-0,user-5c64496568-7jpx8|orders-94d48dc8-prbdt|user-db-0|carts-db-0|queue-master-5bb5566684-svnn4,False,False,False,False,False,False
2026_03_18,pod_do_fault_queue-master_001,ok,normal_4wvel5,2026-03-18 21:37:31.749422,2026-03-18 21:42:31.749422,130,80,22,14,max_epsilon,queue-master,queue-master-5bb5566684-9gkdj,False,queue-master,queue-master|carts-db|orders,queue-master|carts-db|orders|carts|shipping,queue-master-5bb5566684-9gkdj,queue-master-5bb5566684-9gkdj|carts-db-0|orders-94d48dc8-prbdt,queue-master-5bb5566684-9gkdj|carts-db-0|orders-94d48dc8-prbdt|carts-5b77c45b65-z9k6r|shipping-66d8f78d5f-wknr9,True,True,True,True,True,True
2026_03_18,pod_do_fault_front-end_001,ok,normal_4wvel5,2026-03-18 21:37:31.749422,2026-03-18 21:42:31.749422,128,94,22,14,max_epsilon,front-end,front-end-65f844fc76-9z5xb,False,front-end,front-end|user|user-db,front-end|user|user-db|carts|orders,front-end-65f844fc76-9z5xb,front-end-65f844fc76-9z5xb|front-end-65f844fc76-bf6dh|user-5c64496568-7jpx8,front-end-65f844fc76-9z5xb|front-end-65f844fc76-bf6dh|user-5c64496568-7jpx8|user-db-0|user-5c64496568-xj5vk,True,True,True,True,True,True
2026_03_18,pod_do_fault_payment_001,ok,normal_4wvel5,2026-03-18 21:37:31.749422,2026-03-18 21:42:31.749422,134,82,21,14,max_epsilon,payment,payment-664c4d4c74-r8lxz,False,front-end,front-end|payment|user,front-end|payment|user|user-db|carts,front-end-65f844fc76-9z5xb,front-end-65f844fc76-9z5xb|payment-664c4d4c74-r8lxz|user-5c64496568-7jpx8,front-end-65f844fc76-9z5xb|payment-664c4d4c74-r8lxz|user-5c64496568-7jpx8|user-db-0|payment-664c4d4c74-xbjhf,False,True,True,False,True,True
2026_03_18,pod_network_loss_payment_001,ok,normal_4wvel5,2026-03-18 21:37:31.749422,2026-03-18 21:42:31.749422,126,77,22,14,max_epsilon,payment,payment-664c4d4c74-r8lxz,False,front-end,front-end|user|user-db,front-end|user|user-db|orders|carts,front-end-65f844fc76-9z5xb,front-end-65f844fc76-9z5xb|user-5c64496568-7jpx8|user-db-0,front-end-65f844fc76-9z5xb|user-5c64496568-7jpx8|user-db-0|orders-94d48dc8-prbdt|user-5c64496568-xj5vk,False,False,False,False,False,False
2026_03_18,pod_io_fault_carts-db_001,ok,normal_4wvel5,2026-03-18 21:37:31.749422,2026-03-18 21:42:31.749422,131,106,22,14,max_epsilon,carts-db,carts-db-0,True,front-end,front-end|user|user-db,front-end|user|user-db|carts-db|orders,front-end-65f844fc76-9z5xb,front-end-65f844fc76-9z5xb|user-5c64496568-7jpx8|user-db-0,front-end-65f844fc76-9z5xb|user-5c64496568-7jpx8|user-db-0|front-end-65f844fc76-bf6dh|carts-db-0,False,False,True,False,False,True
2026_03_18,pod_cpu_hog_user-db_001,ok,normal_4wvel5,2026-03-18 21:37:31.749422,2026-03-18 21:42:31.749422,126,69,22,14,max_epsilon,user-db,user-db-0,True,front-end,front-end|user-db|user,front-end|user-db|user|carts|orders,front-end-65f844fc76-9z5xb,front-end-65f844fc76-9z5xb|user-db-0|user-5c64496568-7jpx8,front-end-65f844fc76-9z5xb|user-db-0|user-5c64496568-7jpx8|carts-5b77c45b65-z9k6r|user-5c64496568-xj5vk,False,True,True,False,True,True
